treatment,level,qpcr_var,n_var,statistic,estimate,p_value
Treatment,0N,log_012,net_min_rate_rel,lm_r_squared,0.04,0.107
Treatment,112N,log_012,net_min_rate_rel,lm_r_squared,-0.007,0.568
Treatment,336N,log_012,net_min_rate_rel,lm_r_squared,-0.007,0.617
Treatment,0N,log_012,net_min_rate_rel,pearson,0.192,0.107
Treatment,112N,log_012,net_min_rate_rel,pearson,-0.068,0.568
Treatment,336N,log_012,net_min_rate_rel,pearson,-0.06,0.617
Treatment,0N,log_012,net_min_rate_rel,spearman,0.241,0.042
Treatment,112N,log_012,net_min_rate_rel,spearman,0.047,0.695
Treatment,336N,log_012,net_min_rate_rel,spearman,0.018,0.883
Treatment,0N,log_012,net_min_rate_abs,lm_r_squared,-0.008,0.711
Treatment,112N,log_012,net_min_rate_abs,lm_r_squared,-0.017,0.146
Treatment,336N,log_012,net_min_rate_abs,lm_r_squared,-0.021,0.132
Treatment,0N,log_012,net_min_rate_abs,pearson,-0.044,0.711
Treatment,112N,log_012,net_min_rate_abs,pearson,-0.173,0.146
Treatment,336N,log_012,net_min_rate_abs,pearson,-0.179,0.132
Treatment,0N,log_012,net_min_rate_abs,spearman,-0.056,0.637
Treatment,112N,log_012,net_min_rate_abs,spearman,-0.189,0.112
Treatment,336N,log_012,net_min_rate_abs,spearman,-0.217,0.067
Treatment,0N,log_012,net_nitr_rate_rel,lm_r_squared,0.042,0.202
Treatment,112N,log_012,net_nitr_rate_rel,lm_r_squared,-0.007,0.636
Treatment,336N,log_012,net_nitr_rate_rel,lm_r_squared,-0.005,0.724
Treatment,0N,log_012,net_nitr_rate_rel,pearson,0.152,0.202
Treatment,112N,log_012,net_nitr_rate_rel,pearson,-0.057,0.636
Treatment,336N,log_012,net_nitr_rate_rel,pearson,-0.042,0.724
Treatment,0N,log_012,net_nitr_rate_rel,spearman,0.185,0.12
Treatment,112N,log_012,net_nitr_rate_rel,spearman,0.044,0.711
Treatment,336N,log_012,net_nitr_rate_rel,spearman,0.005,0.967
Treatment,0N,log_012,net_nitr_rate_abs,lm_r_squared,-0.018,0.447
Treatment,112N,log_012,net_nitr_rate_abs,lm_r_squared,-0.017,0.178
Treatment,336N,log_012,net_nitr_rate_abs,lm_r_squared,-0.019,0.161
Treatment,0N,log_012,net_nitr_rate_abs,pearson,-0.091,0.447
Treatment,112N,log_012,net_nitr_rate_abs,pearson,-0.161,0.178
Treatment,336N,log_012,net_nitr_rate_abs,pearson,-0.167,0.161
Treatment,0N,log_012,net_nitr_rate_abs,spearman,-0.077,0.521
Treatment,112N,log_012,net_nitr_rate_abs,spearman,-0.161,0.176
Treatment,336N,log_012,net_nitr_rate_abs,spearman,-0.232,0.05
Treatment,0N,log_012,no3n_mg_kg_1,lm_r_squared,-0.002,0.13
Treatment,112N,log_012,no3n_mg_kg_1,lm_r_squared,-0.001,0.352
Treatment,336N,log_012,no3n_mg_kg_1,lm_r_squared,-0.001,0.144
Treatment,0N,log_012,no3n_mg_kg_1,pearson,-0.18,0.13
Treatment,112N,log_012,no3n_mg_kg_1,pearson,-0.111,0.352
Treatment,336N,log_012,no3n_mg_kg_1,pearson,-0.174,0.144
Treatment,0N,log_012,no3n_mg_kg_1,spearman,-0.172,0.149
Treatment,112N,log_012,no3n_mg_kg_1,spearman,-0.163,0.171
Treatment,336N,log_012,no3n_mg_kg_1,spearman,-0.189,0.112
Treatment,0N,log_012,nh4n_mg_kg_1,lm_r_squared,0,0.952
Treatment,112N,log_012,nh4n_mg_kg_1,lm_r_squared,-0.012,0.515
Treatment,336N,log_012,nh4n_mg_kg_1,lm_r_squared,-0.004,0.777
Treatment,0N,log_012,nh4n_mg_kg_1,pearson,-0.007,0.952
Treatment,112N,log_012,nh4n_mg_kg_1,pearson,-0.078,0.515
Treatment,336N,log_012,nh4n_mg_kg_1,pearson,-0.034,0.777
Treatment,0N,log_012,nh4n_mg_kg_1,spearman,-0.217,0.067
Treatment,112N,log_012,nh4n_mg_kg_1,spearman,-0.168,0.159
Treatment,336N,log_012,nh4n_mg_kg_1,spearman,-0.106,0.376
Treatment,0N,log_012,N2ON_flux_ug_g_d,lm_r_squared,-0.442,0.331
Treatment,112N,log_012,N2ON_flux_ug_g_d,lm_r_squared,0.063,0.749
Treatment,336N,log_012,N2ON_flux_ug_g_d,lm_r_squared,-0.143,0.633
Treatment,0N,log_012,N2ON_flux_ug_g_d,pearson,-0.116,0.331
Treatment,112N,log_012,N2ON_flux_ug_g_d,pearson,0.038,0.749
Treatment,336N,log_012,N2ON_flux_ug_g_d,pearson,-0.057,0.633
Treatment,0N,log_012,N2ON_flux_ug_g_d,spearman,-0.412,0
Treatment,112N,log_012,N2ON_flux_ug_g_d,spearman,-0.234,0.048
Treatment,336N,log_012,N2ON_flux_ug_g_d,spearman,-0.281,0.017
Treatment,0N,log_025,net_min_rate_rel,lm_r_squared,0.028,0.179
Treatment,112N,log_025,net_min_rate_rel,lm_r_squared,0.003,0.771
Treatment,336N,log_025,net_min_rate_rel,lm_r_squared,-0.005,0.734
Treatment,0N,log_025,net_min_rate_rel,pearson,0.16,0.179
Treatment,112N,log_025,net_min_rate_rel,pearson,0.035,0.771
Treatment,336N,log_025,net_min_rate_rel,pearson,-0.041,0.734
Treatment,0N,log_025,net_min_rate_rel,spearman,0.22,0.064
Treatment,112N,log_025,net_min_rate_rel,spearman,0.019,0.873
Treatment,336N,log_025,net_min_rate_rel,spearman,-0.051,0.672
Treatment,0N,log_025,net_min_rate_abs,lm_r_squared,0.009,0.582
Treatment,112N,log_025,net_min_rate_abs,lm_r_squared,0.008,0.386
Treatment,336N,log_025,net_min_rate_abs,lm_r_squared,-0.006,0.649
Treatment,0N,log_025,net_min_rate_abs,pearson,0.066,0.582
Treatment,112N,log_025,net_min_rate_abs,pearson,0.104,0.386
Treatment,336N,log_025,net_min_rate_abs,pearson,-0.055,0.649
Treatment,0N,log_025,net_min_rate_abs,spearman,0.189,0.112
Treatment,112N,log_025,net_min_rate_abs,spearman,0.166,0.163
Treatment,336N,log_025,net_min_rate_abs,spearman,0.004,0.977
Treatment,0N,log_025,net_nitr_rate_rel,lm_r_squared,0.029,0.307
Treatment,112N,log_025,net_nitr_rate_rel,lm_r_squared,0.003,0.752
Treatment,336N,log_025,net_nitr_rate_rel,lm_r_squared,-0.003,0.848
Treatment,0N,log_025,net_nitr_rate_rel,pearson,0.122,0.307
Treatment,112N,log_025,net_nitr_rate_rel,pearson,0.038,0.752
Treatment,336N,log_025,net_nitr_rate_rel,pearson,-0.023,0.848
Treatment,0N,log_025,net_nitr_rate_rel,spearman,0.158,0.185
Treatment,112N,log_025,net_nitr_rate_rel,spearman,0.017,0.889
Treatment,336N,log_025,net_nitr_rate_rel,spearman,-0.049,0.679
Treatment,0N,log_025,net_nitr_rate_abs,lm_r_squared,0.006,0.783
Treatment,112N,log_025,net_nitr_rate_abs,lm_r_squared,0.009,0.365
Treatment,336N,log_025,net_nitr_rate_abs,lm_r_squared,-0.006,0.645
Treatment,0N,log_025,net_nitr_rate_abs,pearson,0.033,0.783
Treatment,112N,log_025,net_nitr_rate_abs,pearson,0.108,0.365
Treatment,336N,log_025,net_nitr_rate_abs,pearson,-0.055,0.645
Treatment,0N,log_025,net_nitr_rate_abs,spearman,0.114,0.34
Treatment,112N,log_025,net_nitr_rate_abs,spearman,0.18,0.13
Treatment,336N,log_025,net_nitr_rate_abs,spearman,-0.032,0.786
Treatment,0N,log_025,no3n_mg_kg_1,lm_r_squared,0,0.803
Treatment,112N,log_025,no3n_mg_kg_1,lm_r_squared,0.001,0.051
Treatment,336N,log_025,no3n_mg_kg_1,lm_r_squared,-0.001,0.494
Treatment,0N,log_025,no3n_mg_kg_1,pearson,0.03,0.803
Treatment,112N,log_025,no3n_mg_kg_1,pearson,0.231,0.051
Treatment,336N,log_025,no3n_mg_kg_1,pearson,-0.082,0.494
Treatment,0N,log_025,no3n_mg_kg_1,spearman,0.155,0.193
Treatment,112N,log_025,no3n_mg_kg_1,spearman,0.198,0.095
Treatment,336N,log_025,no3n_mg_kg_1,spearman,-0.009,0.939
Treatment,0N,log_025,nh4n_mg_kg_1,lm_r_squared,0.001,0.937
Treatment,112N,log_025,nh4n_mg_kg_1,lm_r_squared,-0.014,0.352
Treatment,336N,log_025,nh4n_mg_kg_1,lm_r_squared,-0.001,0.967
Treatment,0N,log_025,nh4n_mg_kg_1,pearson,0.01,0.937
Treatment,112N,log_025,nh4n_mg_kg_1,pearson,-0.111,0.352
Treatment,336N,log_025,nh4n_mg_kg_1,pearson,-0.005,0.967
Treatment,0N,log_025,nh4n_mg_kg_1,spearman,0.006,0.96
Treatment,112N,log_025,nh4n_mg_kg_1,spearman,-0.175,0.142
Treatment,336N,log_025,nh4n_mg_kg_1,spearman,0.083,0.49
Treatment,0N,log_025,N2ON_flux_ug_g_d,lm_r_squared,-0.292,0.45
Treatment,112N,log_025,N2ON_flux_ug_g_d,lm_r_squared,0.018,0.908
Treatment,336N,log_025,N2ON_flux_ug_g_d,lm_r_squared,-0.296,0.301
Treatment,0N,log_025,N2ON_flux_ug_g_d,pearson,-0.091,0.45
Treatment,112N,log_025,N2ON_flux_ug_g_d,pearson,0.014,0.908
Treatment,336N,log_025,N2ON_flux_ug_g_d,pearson,-0.124,0.301
Treatment,0N,log_025,N2ON_flux_ug_g_d,spearman,0.05,0.673
Treatment,112N,log_025,N2ON_flux_ug_g_d,spearman,0.062,0.606
Treatment,336N,log_025,N2ON_flux_ug_g_d,spearman,-0.281,0.017
Treatment,0N,log_039,net_min_rate_rel,lm_r_squared,0.046,0.055
Treatment,112N,log_039,net_min_rate_rel,lm_r_squared,0.006,0.588
Treatment,336N,log_039,net_min_rate_rel,lm_r_squared,0.004,0.786
Treatment,0N,log_039,net_min_rate_rel,pearson,0.227,0.055
Treatment,112N,log_039,net_min_rate_rel,pearson,0.065,0.588
Treatment,336N,log_039,net_min_rate_rel,pearson,0.033,0.786
Treatment,0N,log_039,net_min_rate_rel,spearman,0.43,0
Treatment,112N,log_039,net_min_rate_rel,spearman,0.261,0.027
Treatment,336N,log_039,net_min_rate_rel,spearman,0.159,0.182
Treatment,0N,log_039,net_min_rate_abs,lm_r_squared,0.02,0.299
Treatment,112N,log_039,net_min_rate_abs,lm_r_squared,-0.005,0.636
Treatment,336N,log_039,net_min_rate_abs,lm_r_squared,-0.008,0.614
Treatment,0N,log_039,net_min_rate_abs,pearson,0.124,0.299
Treatment,112N,log_039,net_min_rate_abs,pearson,-0.057,0.636
Treatment,336N,log_039,net_min_rate_abs,pearson,-0.06,0.614
Treatment,0N,log_039,net_min_rate_abs,spearman,0.271,0.022
Treatment,112N,log_039,net_min_rate_abs,spearman,-0.084,0.483
Treatment,336N,log_039,net_min_rate_abs,spearman,0,0.998
Treatment,0N,log_039,net_nitr_rate_rel,lm_r_squared,0.058,0.064
Treatment,112N,log_039,net_nitr_rate_rel,lm_r_squared,0.006,0.618
Treatment,336N,log_039,net_nitr_rate_rel,lm_r_squared,0.005,0.776
Treatment,0N,log_039,net_nitr_rate_rel,pearson,0.22,0.064
Treatment,112N,log_039,net_nitr_rate_rel,pearson,0.06,0.618
Treatment,336N,log_039,net_nitr_rate_rel,pearson,0.034,0.776
Treatment,0N,log_039,net_nitr_rate_rel,spearman,0.415,0
Treatment,112N,log_039,net_nitr_rate_rel,spearman,0.234,0.048
Treatment,336N,log_039,net_nitr_rate_rel,spearman,0.125,0.295
Treatment,0N,log_039,net_nitr_rate_abs,lm_r_squared,0.024,0.29
Treatment,112N,log_039,net_nitr_rate_abs,lm_r_squared,-0.005,0.631
Treatment,336N,log_039,net_nitr_rate_abs,lm_r_squared,-0.008,0.598
Treatment,0N,log_039,net_nitr_rate_abs,pearson,0.126,0.29
Treatment,112N,log_039,net_nitr_rate_abs,pearson,-0.058,0.631
Treatment,336N,log_039,net_nitr_rate_abs,pearson,-0.063,0.598
Treatment,0N,log_039,net_nitr_rate_abs,spearman,0.277,0.019
Treatment,112N,log_039,net_nitr_rate_abs,spearman,-0.083,0.486
Treatment,336N,log_039,net_nitr_rate_abs,spearman,-0.048,0.69
Treatment,0N,log_039,no3n_mg_kg_1,lm_r_squared,0.001,0.426
Treatment,112N,log_039,no3n_mg_kg_1,lm_r_squared,0,0.708
Treatment,336N,log_039,no3n_mg_kg_1,lm_r_squared,-0.001,0.195
Treatment,0N,log_039,no3n_mg_kg_1,pearson,0.095,0.426
Treatment,112N,log_039,no3n_mg_kg_1,pearson,-0.045,0.708
Treatment,336N,log_039,no3n_mg_kg_1,pearson,-0.154,0.195
Treatment,0N,log_039,no3n_mg_kg_1,spearman,0.234,0.048
Treatment,112N,log_039,no3n_mg_kg_1,spearman,-0.089,0.454
Treatment,336N,log_039,no3n_mg_kg_1,spearman,-0.075,0.53
Treatment,0N,log_039,nh4n_mg_kg_1,lm_r_squared,-0.01,0.208
Treatment,112N,log_039,nh4n_mg_kg_1,lm_r_squared,-0.01,0.54
Treatment,336N,log_039,nh4n_mg_kg_1,lm_r_squared,-0.007,0.627
Treatment,0N,log_039,nh4n_mg_kg_1,pearson,-0.15,0.208
Treatment,112N,log_039,nh4n_mg_kg_1,pearson,-0.073,0.54
Treatment,336N,log_039,nh4n_mg_kg_1,pearson,-0.058,0.627
Treatment,0N,log_039,nh4n_mg_kg_1,spearman,-0.413,0
Treatment,112N,log_039,nh4n_mg_kg_1,spearman,-0.224,0.058
Treatment,336N,log_039,nh4n_mg_kg_1,spearman,-0.247,0.037
Treatment,0N,log_039,N2ON_flux_ug_g_d,lm_r_squared,-0.115,0.795
Treatment,112N,log_039,N2ON_flux_ug_g_d,lm_r_squared,-0.081,0.641
Treatment,336N,log_039,N2ON_flux_ug_g_d,lm_r_squared,-0.407,0.23
Treatment,0N,log_039,N2ON_flux_ug_g_d,pearson,-0.031,0.795
Treatment,112N,log_039,N2ON_flux_ug_g_d,pearson,-0.056,0.641
Treatment,336N,log_039,N2ON_flux_ug_g_d,pearson,-0.143,0.23
Treatment,0N,log_039,N2ON_flux_ug_g_d,spearman,-0.193,0.105
Treatment,112N,log_039,N2ON_flux_ug_g_d,spearman,-0.189,0.113
Treatment,336N,log_039,N2ON_flux_ug_g_d,spearman,-0.394,0.001
Treatment,0N,F1R2_log,net_min_rate_rel,lm_r_squared,0.027,0.251
Treatment,112N,F1R2_log,net_min_rate_rel,lm_r_squared,-0.004,0.762
Treatment,336N,F1R2_log,net_min_rate_rel,lm_r_squared,-0.015,0.45
Treatment,0N,F1R2_log,net_min_rate_rel,pearson,0.137,0.251
Treatment,112N,F1R2_log,net_min_rate_rel,pearson,-0.036,0.762
Treatment,336N,F1R2_log,net_min_rate_rel,pearson,-0.09,0.45
Treatment,0N,F1R2_log,net_min_rate_rel,spearman,0.317,0.007
Treatment,112N,F1R2_log,net_min_rate_rel,spearman,0.074,0.538
Treatment,336N,F1R2_log,net_min_rate_rel,spearman,-0.012,0.921
Treatment,0N,F1R2_log,net_min_rate_abs,lm_r_squared,-0.009,0.644
Treatment,112N,F1R2_log,net_min_rate_abs,lm_r_squared,-0.007,0.523
Treatment,336N,F1R2_log,net_min_rate_abs,lm_r_squared,-0.025,0.182
Treatment,0N,F1R2_log,net_min_rate_abs,pearson,-0.055,0.644
Treatment,112N,F1R2_log,net_min_rate_abs,pearson,-0.077,0.523
Treatment,336N,F1R2_log,net_min_rate_abs,pearson,-0.159,0.182
Treatment,0N,F1R2_log,net_min_rate_abs,spearman,0.013,0.916
Treatment,112N,F1R2_log,net_min_rate_abs,spearman,-0.025,0.838
Treatment,336N,F1R2_log,net_min_rate_abs,spearman,-0.068,0.567
Treatment,0N,F1R2_log,net_nitr_rate_rel,lm_r_squared,0.059,0.061
Treatment,112N,F1R2_log,net_nitr_rate_rel,lm_r_squared,-0.002,0.902
Treatment,336N,F1R2_log,net_nitr_rate_rel,lm_r_squared,-0.011,0.563
Treatment,0N,F1R2_log,net_nitr_rate_rel,pearson,0.222,0.061
Treatment,112N,F1R2_log,net_nitr_rate_rel,pearson,-0.015,0.902
Treatment,336N,F1R2_log,net_nitr_rate_rel,pearson,-0.069,0.563
Treatment,0N,F1R2_log,net_nitr_rate_rel,spearman,0.34,0.004
Treatment,112N,F1R2_log,net_nitr_rate_rel,spearman,0.076,0.527
Treatment,336N,F1R2_log,net_nitr_rate_rel,spearman,-0.017,0.884
Treatment,0N,F1R2_log,net_nitr_rate_abs,lm_r_squared,-0.001,0.95
Treatment,112N,F1R2_log,net_nitr_rate_abs,lm_r_squared,-0.005,0.67
Treatment,336N,F1R2_log,net_nitr_rate_abs,lm_r_squared,-0.024,0.198
Treatment,0N,F1R2_log,net_nitr_rate_abs,pearson,-0.007,0.95
Treatment,112N,F1R2_log,net_nitr_rate_abs,pearson,-0.051,0.67
Treatment,336N,F1R2_log,net_nitr_rate_abs,pearson,-0.154,0.198
Treatment,0N,F1R2_log,net_nitr_rate_abs,spearman,0.059,0.621
Treatment,112N,F1R2_log,net_nitr_rate_abs,spearman,0.005,0.965
Treatment,336N,F1R2_log,net_nitr_rate_abs,spearman,-0.096,0.421
Treatment,0N,F1R2_log,no3n_mg_kg_1,lm_r_squared,-0.001,0.524
Treatment,112N,F1R2_log,no3n_mg_kg_1,lm_r_squared,0,0.759
Treatment,336N,F1R2_log,no3n_mg_kg_1,lm_r_squared,-0.002,0.107
Treatment,0N,F1R2_log,no3n_mg_kg_1,pearson,-0.076,0.524
Treatment,112N,F1R2_log,no3n_mg_kg_1,pearson,0.037,0.759
Treatment,336N,F1R2_log,no3n_mg_kg_1,pearson,-0.191,0.107
Treatment,0N,F1R2_log,no3n_mg_kg_1,spearman,0.009,0.941
Treatment,112N,F1R2_log,no3n_mg_kg_1,spearman,0.009,0.938
Treatment,336N,F1R2_log,no3n_mg_kg_1,spearman,-0.029,0.808
Treatment,0N,F1R2_log,nh4n_mg_kg_1,lm_r_squared,-0.009,0.282
Treatment,112N,F1R2_log,nh4n_mg_kg_1,lm_r_squared,-0.004,0.817
Treatment,336N,F1R2_log,nh4n_mg_kg_1,lm_r_squared,-0.006,0.734
Treatment,0N,F1R2_log,nh4n_mg_kg_1,pearson,-0.128,0.282
Treatment,112N,F1R2_log,nh4n_mg_kg_1,pearson,-0.028,0.817
Treatment,336N,F1R2_log,nh4n_mg_kg_1,pearson,-0.041,0.734
Treatment,0N,F1R2_log,nh4n_mg_kg_1,spearman,-0.257,0.03
Treatment,112N,F1R2_log,nh4n_mg_kg_1,spearman,-0.116,0.334
Treatment,336N,F1R2_log,nh4n_mg_kg_1,spearman,-0.05,0.674
Treatment,0N,F1R2_log,N2ON_flux_ug_g_d,lm_r_squared,-0.355,0.416
Treatment,112N,F1R2_log,N2ON_flux_ug_g_d,lm_r_squared,-0.164,0.395
Treatment,336N,F1R2_log,N2ON_flux_ug_g_d,lm_r_squared,-1.007,0.013
Treatment,0N,F1R2_log,N2ON_flux_ug_g_d,pearson,-0.097,0.416
Treatment,112N,F1R2_log,N2ON_flux_ug_g_d,pearson,-0.102,0.395
Treatment,336N,F1R2_log,N2ON_flux_ug_g_d,pearson,-0.291,0.013
Treatment,0N,F1R2_log,N2ON_flux_ug_g_d,spearman,-0.306,0.009
Treatment,112N,F1R2_log,N2ON_flux_ug_g_d,spearman,-0.272,0.021
Treatment,336N,F1R2_log,N2ON_flux_ug_g_d,spearman,-0.434,0
Treatment,0N,log_sum,net_min_rate_rel,lm_r_squared,0.042,0.069
Treatment,112N,log_sum,net_min_rate_rel,lm_r_squared,-0.002,0.855
Treatment,336N,log_sum,net_min_rate_rel,lm_r_squared,-0.003,0.842
Treatment,0N,log_sum,net_min_rate_rel,pearson,0.215,0.069
Treatment,112N,log_sum,net_min_rate_rel,pearson,-0.022,0.855
Treatment,336N,log_sum,net_min_rate_rel,pearson,-0.024,0.842
Treatment,0N,log_sum,net_min_rate_rel,spearman,0.345,0.003
Treatment,112N,log_sum,net_min_rate_rel,spearman,0.152,0.201
Treatment,336N,log_sum,net_min_rate_rel,spearman,0.09,0.451
Treatment,0N,log_sum,net_min_rate_abs,lm_r_squared,0.004,0.814
Treatment,112N,log_sum,net_min_rate_abs,lm_r_squared,-0.01,0.307
Treatment,336N,log_sum,net_min_rate_abs,lm_r_squared,-0.013,0.313
Treatment,0N,log_sum,net_min_rate_abs,pearson,0.028,0.814
Treatment,112N,log_sum,net_min_rate_abs,pearson,-0.122,0.307
Treatment,336N,log_sum,net_min_rate_abs,pearson,-0.12,0.313
Treatment,0N,log_sum,net_min_rate_abs,spearman,0.093,0.439
Treatment,112N,log_sum,net_min_rate_abs,spearman,-0.141,0.236
Treatment,336N,log_sum,net_min_rate_abs,spearman,-0.093,0.435
Treatment,0N,log_sum,net_nitr_rate_rel,lm_r_squared,0.047,0.128
Treatment,112N,log_sum,net_nitr_rate_rel,lm_r_squared,-0.002,0.89
Treatment,336N,log_sum,net_nitr_rate_rel,lm_r_squared,-0.001,0.916
Treatment,0N,log_sum,net_nitr_rate_rel,pearson,0.181,0.128
Treatment,112N,log_sum,net_nitr_rate_rel,pearson,-0.017,0.89
Treatment,336N,log_sum,net_nitr_rate_rel,pearson,-0.013,0.916
Treatment,0N,log_sum,net_nitr_rate_rel,spearman,0.288,0.014
Treatment,112N,log_sum,net_nitr_rate_rel,spearman,0.135,0.258
Treatment,336N,log_sum,net_nitr_rate_rel,spearman,0.064,0.592
Treatment,0N,log_sum,net_nitr_rate_abs,lm_r_squared,-0.001,0.966
Treatment,112N,log_sum,net_nitr_rate_abs,lm_r_squared,-0.01,0.339
Treatment,336N,log_sum,net_nitr_rate_abs,lm_r_squared,-0.012,0.339
Treatment,0N,log_sum,net_nitr_rate_abs,pearson,-0.005,0.966
Treatment,112N,log_sum,net_nitr_rate_abs,pearson,-0.114,0.339
Treatment,336N,log_sum,net_nitr_rate_abs,pearson,-0.114,0.339
Treatment,0N,log_sum,net_nitr_rate_abs,spearman,0.068,0.569
Treatment,112N,log_sum,net_nitr_rate_abs,spearman,-0.124,0.3
Treatment,336N,log_sum,net_nitr_rate_abs,spearman,-0.129,0.279
Treatment,0N,log_sum,no3n_mg_kg_1,lm_r_squared,-0.001,0.554
Treatment,112N,log_sum,no3n_mg_kg_1,lm_r_squared,0,0.627
Treatment,336N,log_sum,no3n_mg_kg_1,lm_r_squared,-0.001,0.259
Treatment,0N,log_sum,no3n_mg_kg_1,pearson,-0.071,0.554
Treatment,112N,log_sum,no3n_mg_kg_1,pearson,-0.058,0.627
Treatment,336N,log_sum,no3n_mg_kg_1,pearson,-0.135,0.259
Treatment,0N,log_sum,no3n_mg_kg_1,spearman,-0.017,0.886
Treatment,112N,log_sum,no3n_mg_kg_1,spearman,-0.152,0.201
Treatment,336N,log_sum,no3n_mg_kg_1,spearman,-0.087,0.467
Treatment,0N,log_sum,nh4n_mg_kg_1,lm_r_squared,-0.004,0.644
Treatment,112N,log_sum,nh4n_mg_kg_1,lm_r_squared,-0.011,0.491
Treatment,336N,log_sum,nh4n_mg_kg_1,lm_r_squared,-0.006,0.633
Treatment,0N,log_sum,nh4n_mg_kg_1,pearson,-0.055,0.644
Treatment,112N,log_sum,nh4n_mg_kg_1,pearson,-0.083,0.491
Treatment,336N,log_sum,nh4n_mg_kg_1,pearson,-0.057,0.633
Treatment,0N,log_sum,nh4n_mg_kg_1,spearman,-0.292,0.013
Treatment,112N,log_sum,nh4n_mg_kg_1,spearman,-0.193,0.105
Treatment,336N,log_sum,nh4n_mg_kg_1,spearman,-0.212,0.074
Treatment,0N,log_sum,N2ON_flux_ug_g_d,lm_r_squared,-0.342,0.423
Treatment,112N,log_sum,N2ON_flux_ug_g_d,lm_r_squared,0.007,0.969
Treatment,336N,log_sum,N2ON_flux_ug_g_d,lm_r_squared,-0.253,0.374
Treatment,0N,log_sum,N2ON_flux_ug_g_d,pearson,-0.096,0.423
Treatment,112N,log_sum,N2ON_flux_ug_g_d,pearson,0.005,0.969
Treatment,336N,log_sum,N2ON_flux_ug_g_d,pearson,-0.106,0.374
Treatment,0N,log_sum,N2ON_flux_ug_g_d,spearman,-0.35,0.003
Treatment,112N,log_sum,N2ON_flux_ug_g_d,spearman,-0.292,0.013
Treatment,336N,log_sum,N2ON_flux_ug_g_d,spearman,-0.364,0.002
Treatment,0N,log_norB.001,net_min_rate_rel,lm_r_squared,0.048,0.328
Treatment,112N,log_norB.001,net_min_rate_rel,lm_r_squared,-0.004,0.88
Treatment,336N,log_norB.001,net_min_rate_rel,lm_r_squared,-0.038,0.194
Treatment,0N,log_norB.001,net_min_rate_rel,pearson,0.117,0.328
Treatment,112N,log_norB.001,net_min_rate_rel,pearson,-0.018,0.88
Treatment,336N,log_norB.001,net_min_rate_rel,pearson,-0.155,0.194
Treatment,0N,log_norB.001,net_min_rate_rel,spearman,0.159,0.182
Treatment,112N,log_norB.001,net_min_rate_rel,spearman,-0.059,0.62
Treatment,336N,log_norB.001,net_min_rate_rel,spearman,-0.197,0.098
Treatment,0N,log_norB.001,net_min_rate_abs,lm_r_squared,-0.008,0.849
Treatment,112N,log_norB.001,net_min_rate_abs,lm_r_squared,-0.002,0.924
Treatment,336N,log_norB.001,net_min_rate_abs,lm_r_squared,-0.054,0.056
Treatment,0N,log_norB.001,net_min_rate_abs,pearson,-0.023,0.849
Treatment,112N,log_norB.001,net_min_rate_abs,pearson,-0.011,0.924
Treatment,336N,log_norB.001,net_min_rate_abs,pearson,-0.227,0.056
Treatment,0N,log_norB.001,net_min_rate_abs,spearman,0.041,0.735
Treatment,112N,log_norB.001,net_min_rate_abs,spearman,0.02,0.866
Treatment,336N,log_norB.001,net_min_rate_abs,spearman,-0.324,0.006
Treatment,0N,log_norB.001,net_nitr_rate_rel,lm_r_squared,0.056,0.387
Treatment,112N,log_norB.001,net_nitr_rate_rel,lm_r_squared,-0.002,0.949
Treatment,336N,log_norB.001,net_nitr_rate_rel,lm_r_squared,-0.031,0.303
Treatment,0N,log_norB.001,net_nitr_rate_rel,pearson,0.103,0.387
Treatment,112N,log_norB.001,net_nitr_rate_rel,pearson,-0.008,0.949
Treatment,336N,log_norB.001,net_nitr_rate_rel,pearson,-0.123,0.303
Treatment,0N,log_norB.001,net_nitr_rate_rel,spearman,0.108,0.365
Treatment,112N,log_norB.001,net_nitr_rate_rel,spearman,-0.06,0.617
Treatment,336N,log_norB.001,net_nitr_rate_rel,spearman,-0.189,0.112
Treatment,0N,log_norB.001,net_nitr_rate_abs,lm_r_squared,-0.017,0.72
Treatment,112N,log_norB.001,net_nitr_rate_abs,lm_r_squared,0.001,0.979
Treatment,336N,log_norB.001,net_nitr_rate_abs,lm_r_squared,-0.052,0.069
Treatment,0N,log_norB.001,net_nitr_rate_abs,pearson,-0.043,0.72
Treatment,112N,log_norB.001,net_nitr_rate_abs,pearson,0.003,0.979
Treatment,336N,log_norB.001,net_nitr_rate_abs,pearson,-0.216,0.069
Treatment,0N,log_norB.001,net_nitr_rate_abs,spearman,0.011,0.924
Treatment,112N,log_norB.001,net_nitr_rate_abs,spearman,0.043,0.717
Treatment,336N,log_norB.001,net_nitr_rate_abs,spearman,-0.334,0.004
Treatment,0N,log_norB.001,no3n_mg_kg_1,lm_r_squared,-0.001,0.505
Treatment,112N,log_norB.001,no3n_mg_kg_1,lm_r_squared,0.001,0.421
Treatment,336N,log_norB.001,no3n_mg_kg_1,lm_r_squared,-0.003,0.048
Treatment,0N,log_norB.001,no3n_mg_kg_1,pearson,-0.08,0.505
Treatment,112N,log_norB.001,no3n_mg_kg_1,pearson,0.096,0.421
Treatment,336N,log_norB.001,no3n_mg_kg_1,pearson,-0.234,0.048
Treatment,0N,log_norB.001,no3n_mg_kg_1,spearman,-0.002,0.987
Treatment,112N,log_norB.001,no3n_mg_kg_1,spearman,0.07,0.559
Treatment,336N,log_norB.001,no3n_mg_kg_1,spearman,-0.21,0.076
Treatment,0N,log_norB.001,nh4n_mg_kg_1,lm_r_squared,-0.002,0.912
Treatment,112N,log_norB.001,nh4n_mg_kg_1,lm_r_squared,-0.035,0.338
Treatment,336N,log_norB.001,nh4n_mg_kg_1,lm_r_squared,0.004,0.892
Treatment,0N,log_norB.001,nh4n_mg_kg_1,pearson,-0.013,0.912
Treatment,112N,log_norB.001,nh4n_mg_kg_1,pearson,-0.115,0.338
Treatment,336N,log_norB.001,nh4n_mg_kg_1,pearson,0.016,0.892
Treatment,0N,log_norB.001,nh4n_mg_kg_1,spearman,-0.093,0.436
Treatment,112N,log_norB.001,nh4n_mg_kg_1,spearman,-0.137,0.25
Treatment,336N,log_norB.001,nh4n_mg_kg_1,spearman,0.08,0.504
Treatment,0N,log_norB.001,N2ON_flux_ug_g_d,lm_r_squared,-0.22,0.808
Treatment,112N,log_norB.001,N2ON_flux_ug_g_d,lm_r_squared,-0.209,0.575
Treatment,336N,log_norB.001,N2ON_flux_ug_g_d,lm_r_squared,-0.33,0.599
Treatment,0N,log_norB.001,N2ON_flux_ug_g_d,pearson,-0.029,0.808
Treatment,112N,log_norB.001,N2ON_flux_ug_g_d,pearson,-0.067,0.575
Treatment,336N,log_norB.001,N2ON_flux_ug_g_d,pearson,-0.063,0.599
Treatment,0N,log_norB.001,N2ON_flux_ug_g_d,spearman,-0.166,0.163
Treatment,112N,log_norB.001,N2ON_flux_ug_g_d,spearman,-0.224,0.059
Treatment,336N,log_norB.001,N2ON_flux_ug_g_d,spearman,-0.223,0.06
Treatment,0N,log_norB.006,net_min_rate_rel,lm_r_squared,0.103,0.08
Treatment,112N,log_norB.006,net_min_rate_rel,lm_r_squared,0.007,0.798
Treatment,336N,log_norB.006,net_min_rate_rel,lm_r_squared,0.011,0.782
Treatment,0N,log_norB.006,net_min_rate_rel,pearson,0.208,0.08
Treatment,112N,log_norB.006,net_min_rate_rel,pearson,0.031,0.798
Treatment,336N,log_norB.006,net_min_rate_rel,pearson,0.033,0.782
Treatment,0N,log_norB.006,net_min_rate_rel,spearman,0.359,0.002
Treatment,112N,log_norB.006,net_min_rate_rel,spearman,0.171,0.151
Treatment,336N,log_norB.006,net_min_rate_rel,spearman,0.159,0.182
Treatment,0N,log_norB.006,net_min_rate_abs,lm_r_squared,0.008,0.876
Treatment,112N,log_norB.006,net_min_rate_abs,lm_r_squared,-0.014,0.594
Treatment,336N,log_norB.006,net_min_rate_abs,lm_r_squared,-0.035,0.376
Treatment,0N,log_norB.006,net_min_rate_abs,pearson,0.019,0.876
Treatment,112N,log_norB.006,net_min_rate_abs,pearson,-0.064,0.594
Treatment,336N,log_norB.006,net_min_rate_abs,pearson,-0.106,0.376
Treatment,0N,log_norB.006,net_min_rate_abs,spearman,0.047,0.693
Treatment,112N,log_norB.006,net_min_rate_abs,spearman,-0.056,0.641
Treatment,336N,log_norB.006,net_min_rate_abs,spearman,-0.089,0.458
Treatment,0N,log_norB.006,net_nitr_rate_rel,lm_r_squared,0.126,0.107
Treatment,112N,log_norB.006,net_nitr_rate_rel,lm_r_squared,0.003,0.917
Treatment,336N,log_norB.006,net_nitr_rate_rel,lm_r_squared,0.008,0.846
Treatment,0N,log_norB.006,net_nitr_rate_rel,pearson,0.192,0.107
Treatment,112N,log_norB.006,net_nitr_rate_rel,pearson,0.013,0.917
Treatment,336N,log_norB.006,net_nitr_rate_rel,pearson,0.023,0.846
Treatment,0N,log_norB.006,net_nitr_rate_rel,spearman,0.357,0.002
Treatment,112N,log_norB.006,net_nitr_rate_rel,spearman,0.128,0.284
Treatment,336N,log_norB.006,net_nitr_rate_rel,spearman,0.118,0.325
Treatment,0N,log_norB.006,net_nitr_rate_abs,lm_r_squared,0.008,0.882
Treatment,112N,log_norB.006,net_nitr_rate_abs,lm_r_squared,-0.016,0.581
Treatment,336N,log_norB.006,net_nitr_rate_abs,lm_r_squared,-0.039,0.323
Treatment,0N,log_norB.006,net_nitr_rate_abs,pearson,0.018,0.882
Treatment,112N,log_norB.006,net_nitr_rate_abs,pearson,-0.066,0.581
Treatment,336N,log_norB.006,net_nitr_rate_abs,pearson,-0.118,0.323
Treatment,0N,log_norB.006,net_nitr_rate_abs,spearman,0.1,0.402
Treatment,112N,log_norB.006,net_nitr_rate_abs,spearman,-0.05,0.674
Treatment,336N,log_norB.006,net_nitr_rate_abs,spearman,-0.125,0.296
Treatment,0N,log_norB.006,no3n_mg_kg_1,lm_r_squared,0,0.844
Treatment,112N,log_norB.006,no3n_mg_kg_1,lm_r_squared,0,0.779
Treatment,336N,log_norB.006,no3n_mg_kg_1,lm_r_squared,-0.004,0.065
Treatment,0N,log_norB.006,no3n_mg_kg_1,pearson,-0.024,0.844
Treatment,112N,log_norB.006,no3n_mg_kg_1,pearson,-0.034,0.779
Treatment,336N,log_norB.006,no3n_mg_kg_1,pearson,-0.219,0.065
Treatment,0N,log_norB.006,no3n_mg_kg_1,spearman,0.076,0.525
Treatment,112N,log_norB.006,no3n_mg_kg_1,spearman,-0.057,0.637
Treatment,336N,log_norB.006,no3n_mg_kg_1,spearman,-0.112,0.35
Treatment,0N,log_norB.006,nh4n_mg_kg_1,lm_r_squared,-0.029,0.136
Treatment,112N,log_norB.006,nh4n_mg_kg_1,lm_r_squared,-0.076,0.083
Treatment,336N,log_norB.006,nh4n_mg_kg_1,lm_r_squared,-0.036,0.344
Treatment,0N,log_norB.006,nh4n_mg_kg_1,pearson,-0.177,0.136
Treatment,112N,log_norB.006,nh4n_mg_kg_1,pearson,-0.206,0.083
Treatment,336N,log_norB.006,nh4n_mg_kg_1,pearson,-0.113,0.344
Treatment,0N,log_norB.006,nh4n_mg_kg_1,spearman,-0.498,0
Treatment,112N,log_norB.006,nh4n_mg_kg_1,spearman,-0.347,0.003
Treatment,336N,log_norB.006,nh4n_mg_kg_1,spearman,-0.318,0.007
Treatment,0N,log_norB.006,N2ON_flux_ug_g_d,lm_r_squared,-0.273,0.802
Treatment,112N,log_norB.006,N2ON_flux_ug_g_d,lm_r_squared,-0.125,0.781
Treatment,336N,log_norB.006,N2ON_flux_ug_g_d,lm_r_squared,-1.805,0.033
Treatment,0N,log_norB.006,N2ON_flux_ug_g_d,pearson,-0.03,0.802
Treatment,112N,log_norB.006,N2ON_flux_ug_g_d,pearson,-0.033,0.781
Treatment,336N,log_norB.006,N2ON_flux_ug_g_d,pearson,-0.251,0.033
Treatment,0N,log_norB.006,N2ON_flux_ug_g_d,spearman,-0.264,0.025
Treatment,112N,log_norB.006,N2ON_flux_ug_g_d,spearman,-0.182,0.127
Treatment,336N,log_norB.006,N2ON_flux_ug_g_d,spearman,-0.402,0
Treatment,0N,log_cnorB,net_min_rate_rel,lm_r_squared,0.048,0.278
Treatment,112N,log_cnorB,net_min_rate_rel,lm_r_squared,-0.023,0.289
Treatment,336N,log_cnorB,net_min_rate_rel,lm_r_squared,-0.022,0.39
Treatment,0N,log_cnorB,net_min_rate_rel,pearson,0.13,0.278
Treatment,112N,log_cnorB,net_min_rate_rel,pearson,-0.127,0.289
Treatment,336N,log_cnorB,net_min_rate_rel,pearson,-0.103,0.39
Treatment,0N,log_cnorB,net_min_rate_rel,spearman,0.194,0.103
Treatment,112N,log_cnorB,net_min_rate_rel,spearman,-0.087,0.468
Treatment,336N,log_cnorB,net_min_rate_rel,spearman,-0.051,0.672
Treatment,0N,log_cnorB,net_min_rate_abs,lm_r_squared,-0.01,0.784
Treatment,112N,log_cnorB,net_min_rate_abs,lm_r_squared,-0.025,0.202
Treatment,336N,log_cnorB,net_min_rate_abs,lm_r_squared,-0.041,0.102
Treatment,0N,log_cnorB,net_min_rate_abs,pearson,-0.033,0.784
Treatment,112N,log_cnorB,net_min_rate_abs,pearson,-0.152,0.202
Treatment,336N,log_cnorB,net_min_rate_abs,pearson,-0.194,0.102
Treatment,0N,log_cnorB,net_min_rate_abs,spearman,0.032,0.787
Treatment,112N,log_cnorB,net_min_rate_abs,spearman,-0.065,0.588
Treatment,336N,log_cnorB,net_min_rate_abs,spearman,-0.206,0.083
Treatment,0N,log_cnorB,net_nitr_rate_rel,lm_r_squared,0.063,0.28
Treatment,112N,log_cnorB,net_nitr_rate_rel,lm_r_squared,-0.023,0.328
Treatment,336N,log_cnorB,net_nitr_rate_rel,lm_r_squared,-0.019,0.474
Treatment,0N,log_cnorB,net_nitr_rate_rel,pearson,0.129,0.28
Treatment,112N,log_cnorB,net_nitr_rate_rel,pearson,-0.117,0.328
Treatment,336N,log_cnorB,net_nitr_rate_rel,pearson,-0.086,0.474
Treatment,0N,log_cnorB,net_nitr_rate_rel,spearman,0.166,0.163
Treatment,112N,log_cnorB,net_nitr_rate_rel,spearman,-0.093,0.435
Treatment,336N,log_cnorB,net_nitr_rate_rel,spearman,-0.063,0.602
Treatment,0N,log_cnorB,net_nitr_rate_abs,lm_r_squared,-0.017,0.684
Treatment,112N,log_cnorB,net_nitr_rate_abs,lm_r_squared,-0.025,0.241
Treatment,336N,log_cnorB,net_nitr_rate_abs,lm_r_squared,-0.041,0.101
Treatment,0N,log_cnorB,net_nitr_rate_abs,pearson,-0.049,0.684
Treatment,112N,log_cnorB,net_nitr_rate_abs,pearson,-0.14,0.241
Treatment,336N,log_cnorB,net_nitr_rate_abs,pearson,-0.195,0.101
Treatment,0N,log_cnorB,net_nitr_rate_abs,spearman,0.021,0.858
Treatment,112N,log_cnorB,net_nitr_rate_abs,spearman,-0.046,0.702
Treatment,336N,log_cnorB,net_nitr_rate_abs,spearman,-0.234,0.048
Treatment,0N,log_cnorB,no3n_mg_kg_1,lm_r_squared,-0.002,0.36
Treatment,112N,log_cnorB,no3n_mg_kg_1,lm_r_squared,0,0.981
Treatment,336N,log_cnorB,no3n_mg_kg_1,lm_r_squared,-0.003,0.036
Treatment,0N,log_cnorB,no3n_mg_kg_1,pearson,-0.109,0.36
Treatment,112N,log_cnorB,no3n_mg_kg_1,pearson,-0.003,0.981
Treatment,336N,log_cnorB,no3n_mg_kg_1,pearson,-0.248,0.036
Treatment,0N,log_cnorB,no3n_mg_kg_1,spearman,-0.031,0.795
Treatment,112N,log_cnorB,no3n_mg_kg_1,spearman,0.028,0.818
Treatment,336N,log_cnorB,no3n_mg_kg_1,spearman,-0.216,0.069
Treatment,0N,log_cnorB,nh4n_mg_kg_1,lm_r_squared,-0.001,0.94
Treatment,112N,log_cnorB,nh4n_mg_kg_1,lm_r_squared,-0.029,0.367
Treatment,336N,log_cnorB,nh4n_mg_kg_1,lm_r_squared,0.013,0.609
Treatment,0N,log_cnorB,nh4n_mg_kg_1,pearson,-0.009,0.94
Treatment,112N,log_cnorB,nh4n_mg_kg_1,pearson,-0.108,0.367
Treatment,336N,log_cnorB,nh4n_mg_kg_1,pearson,0.061,0.609
Treatment,0N,log_cnorB,nh4n_mg_kg_1,spearman,-0.093,0.437
Treatment,112N,log_cnorB,nh4n_mg_kg_1,spearman,-0.124,0.301
Treatment,336N,log_cnorB,nh4n_mg_kg_1,spearman,0.069,0.566
Treatment,0N,log_cnorB,N2ON_flux_ug_g_d,lm_r_squared,-0.318,0.694
Treatment,112N,log_cnorB,N2ON_flux_ug_g_d,lm_r_squared,0.159,0.633
Treatment,336N,log_cnorB,N2ON_flux_ug_g_d,lm_r_squared,-0.249,0.652
Treatment,0N,log_cnorB,N2ON_flux_ug_g_d,pearson,-0.047,0.694
Treatment,112N,log_cnorB,N2ON_flux_ug_g_d,pearson,0.057,0.633
Treatment,336N,log_cnorB,N2ON_flux_ug_g_d,pearson,-0.054,0.652
Treatment,0N,log_cnorB,N2ON_flux_ug_g_d,spearman,-0.21,0.077
Treatment,112N,log_cnorB,N2ON_flux_ug_g_d,spearman,-0.125,0.295
Treatment,336N,log_cnorB,N2ON_flux_ug_g_d,spearman,-0.237,0.045
Treatment,0N,log_norb_sum,net_min_rate_rel,lm_r_squared,0.08,0.132
Treatment,112N,log_norb_sum,net_min_rate_rel,lm_r_squared,0.003,0.906
Treatment,336N,log_norb_sum,net_min_rate_rel,lm_r_squared,-0.013,0.702
Treatment,0N,log_norb_sum,net_min_rate_rel,pearson,0.179,0.132
Treatment,112N,log_norb_sum,net_min_rate_rel,pearson,0.014,0.906
Treatment,336N,log_norb_sum,net_min_rate_rel,pearson,-0.046,0.702
Treatment,0N,log_norb_sum,net_min_rate_rel,spearman,0.329,0.005
Treatment,112N,log_norb_sum,net_min_rate_rel,spearman,0.123,0.302
Treatment,336N,log_norb_sum,net_min_rate_rel,spearman,0.036,0.761
Treatment,0N,log_norb_sum,net_min_rate_abs,lm_r_squared,-0.001,0.984
Treatment,112N,log_norb_sum,net_min_rate_abs,lm_r_squared,-0.011,0.642
Treatment,336N,log_norb_sum,net_min_rate_abs,lm_r_squared,-0.047,0.147
Treatment,0N,log_norb_sum,net_min_rate_abs,pearson,-0.002,0.984
Treatment,112N,log_norb_sum,net_min_rate_abs,pearson,-0.056,0.642
Treatment,336N,log_norb_sum,net_min_rate_abs,pearson,-0.173,0.147
Treatment,0N,log_norb_sum,net_min_rate_abs,spearman,0.041,0.735
Treatment,112N,log_norb_sum,net_min_rate_abs,spearman,-0.026,0.825
Treatment,336N,log_norb_sum,net_min_rate_abs,spearman,-0.196,0.1
Treatment,0N,log_norb_sum,net_nitr_rate_rel,lm_r_squared,0.097,0.167
Treatment,112N,log_norb_sum,net_nitr_rate_rel,lm_r_squared,0.002,0.957
Treatment,336N,log_norb_sum,net_nitr_rate_rel,lm_r_squared,-0.011,0.745
Treatment,0N,log_norb_sum,net_nitr_rate_rel,pearson,0.164,0.167
Treatment,112N,log_norb_sum,net_nitr_rate_rel,pearson,0.006,0.957
Treatment,336N,log_norb_sum,net_nitr_rate_rel,pearson,-0.039,0.745
Treatment,0N,log_norb_sum,net_nitr_rate_rel,spearman,0.311,0.008
Treatment,112N,log_norb_sum,net_nitr_rate_rel,spearman,0.091,0.449
Treatment,336N,log_norb_sum,net_nitr_rate_rel,spearman,0.01,0.935
Treatment,0N,log_norb_sum,net_nitr_rate_abs,lm_r_squared,-0.004,0.942
Treatment,112N,log_norb_sum,net_nitr_rate_abs,lm_r_squared,-0.011,0.671
Treatment,336N,log_norb_sum,net_nitr_rate_abs,lm_r_squared,-0.047,0.141
Treatment,0N,log_norb_sum,net_nitr_rate_abs,pearson,-0.009,0.942
Treatment,112N,log_norb_sum,net_nitr_rate_abs,pearson,-0.051,0.671
Treatment,336N,log_norb_sum,net_nitr_rate_abs,pearson,-0.175,0.141
Treatment,0N,log_norb_sum,net_nitr_rate_abs,spearman,0.079,0.508
Treatment,112N,log_norb_sum,net_nitr_rate_abs,spearman,-0.011,0.925
Treatment,336N,log_norb_sum,net_nitr_rate_abs,spearman,-0.221,0.062
Treatment,0N,log_norb_sum,no3n_mg_kg_1,lm_r_squared,-0.001,0.666
Treatment,112N,log_norb_sum,no3n_mg_kg_1,lm_r_squared,0,0.972
Treatment,336N,log_norb_sum,no3n_mg_kg_1,lm_r_squared,-0.004,0.028
Treatment,0N,log_norb_sum,no3n_mg_kg_1,pearson,-0.052,0.666
Treatment,112N,log_norb_sum,no3n_mg_kg_1,pearson,-0.004,0.972
Treatment,336N,log_norb_sum,no3n_mg_kg_1,pearson,-0.258,0.028
Treatment,0N,log_norb_sum,no3n_mg_kg_1,spearman,0.057,0.637
Treatment,112N,log_norb_sum,no3n_mg_kg_1,spearman,-0.002,0.99
Treatment,336N,log_norb_sum,no3n_mg_kg_1,spearman,-0.141,0.236
Treatment,0N,log_norb_sum,nh4n_mg_kg_1,lm_r_squared,-0.02,0.271
Treatment,112N,log_norb_sum,nh4n_mg_kg_1,lm_r_squared,-0.06,0.121
Treatment,336N,log_norb_sum,nh4n_mg_kg_1,lm_r_squared,-0.023,0.456
Treatment,0N,log_norb_sum,nh4n_mg_kg_1,pearson,-0.131,0.271
Treatment,112N,log_norb_sum,nh4n_mg_kg_1,pearson,-0.184,0.121
Treatment,336N,log_norb_sum,nh4n_mg_kg_1,pearson,-0.089,0.456
Treatment,0N,log_norb_sum,nh4n_mg_kg_1,spearman,-0.458,0
Treatment,112N,log_norb_sum,nh4n_mg_kg_1,spearman,-0.335,0.004
Treatment,336N,log_norb_sum,nh4n_mg_kg_1,spearman,-0.193,0.105
Treatment,0N,log_norb_sum,N2ON_flux_ug_g_d,lm_r_squared,-0.2,0.838
Treatment,112N,log_norb_sum,N2ON_flux_ug_g_d,lm_r_squared,-0.184,0.642
Treatment,336N,log_norb_sum,N2ON_flux_ug_g_d,lm_r_squared,-1.032,0.143
Treatment,0N,log_norb_sum,N2ON_flux_ug_g_d,pearson,-0.025,0.838
Treatment,112N,log_norb_sum,N2ON_flux_ug_g_d,pearson,-0.056,0.642
Treatment,336N,log_norb_sum,N2ON_flux_ug_g_d,pearson,-0.175,0.143
Treatment,0N,log_norb_sum,N2ON_flux_ug_g_d,spearman,-0.264,0.025
Treatment,112N,log_norb_sum,N2ON_flux_ug_g_d,spearman,-0.167,0.16
Treatment,336N,log_norb_sum,N2ON_flux_ug_g_d,spearman,-0.391,0.001
Crop,Corn,log_012,net_min_rate_rel,lm_r_squared,0.011,0.518
Crop,Miscanthus,log_012,net_min_rate_rel,lm_r_squared,-0.001,0.926
Crop,Corn,log_012,net_min_rate_rel,pearson,0.063,0.518
Crop,Miscanthus,log_012,net_min_rate_rel,pearson,-0.009,0.926
Crop,Corn,log_012,net_min_rate_rel,spearman,-0.116,0.233
Crop,Miscanthus,log_012,net_min_rate_rel,spearman,0.245,0.011
Crop,Corn,log_012,net_min_rate_abs,lm_r_squared,-0.013,0.41
Crop,Miscanthus,log_012,net_min_rate_abs,lm_r_squared,-0.013,0.145
Crop,Corn,log_012,net_min_rate_abs,pearson,-0.08,0.41
Crop,Miscanthus,log_012,net_min_rate_abs,pearson,-0.141,0.145
Crop,Corn,log_012,net_min_rate_abs,spearman,-0.357,0
Crop,Miscanthus,log_012,net_min_rate_abs,spearman,-0.01,0.92
Crop,Corn,log_012,net_nitr_rate_rel,lm_r_squared,0.011,0.553
Crop,Miscanthus,log_012,net_nitr_rate_rel,lm_r_squared,-0.004,0.699
Crop,Corn,log_012,net_nitr_rate_rel,pearson,0.058,0.553
Crop,Miscanthus,log_012,net_nitr_rate_rel,pearson,-0.038,0.699
Crop,Corn,log_012,net_nitr_rate_rel,spearman,-0.144,0.136
Crop,Miscanthus,log_012,net_nitr_rate_rel,spearman,0.21,0.029
Crop,Corn,log_012,net_nitr_rate_abs,lm_r_squared,-0.018,0.282
Crop,Miscanthus,log_012,net_nitr_rate_abs,lm_r_squared,-0.014,0.131
Crop,Corn,log_012,net_nitr_rate_abs,pearson,-0.104,0.282
Crop,Miscanthus,log_012,net_nitr_rate_abs,pearson,-0.146,0.131
Crop,Corn,log_012,net_nitr_rate_abs,spearman,-0.379,0
Crop,Miscanthus,log_012,net_nitr_rate_abs,spearman,-0.003,0.979
Crop,Corn,log_012,no3n_mg_kg_1,lm_r_squared,-0.002,0.005
Crop,Miscanthus,log_012,no3n_mg_kg_1,lm_r_squared,0,0.562
Crop,Corn,log_012,no3n_mg_kg_1,pearson,-0.266,0.005
Crop,Miscanthus,log_012,no3n_mg_kg_1,pearson,-0.056,0.562
Crop,Corn,log_012,no3n_mg_kg_1,spearman,-0.591,0
Crop,Miscanthus,log_012,no3n_mg_kg_1,spearman,0.097,0.316
Crop,Corn,log_012,nh4n_mg_kg_1,lm_r_squared,0.004,0.63
Crop,Miscanthus,log_012,nh4n_mg_kg_1,lm_r_squared,-0.019,0.129
Crop,Corn,log_012,nh4n_mg_kg_1,pearson,0.047,0.63
Crop,Miscanthus,log_012,nh4n_mg_kg_1,pearson,-0.147,0.129
Crop,Corn,log_012,nh4n_mg_kg_1,spearman,0.133,0.17
Crop,Miscanthus,log_012,nh4n_mg_kg_1,spearman,-0.357,0
Crop,Corn,log_012,N2ON_flux_ug_g_d,lm_r_squared,-0.583,0.221
Crop,Miscanthus,log_012,N2ON_flux_ug_g_d,lm_r_squared,-0.103,0.465
Crop,Corn,log_012,N2ON_flux_ug_g_d,pearson,-0.119,0.221
Crop,Miscanthus,log_012,N2ON_flux_ug_g_d,pearson,-0.071,0.465
Crop,Corn,log_012,N2ON_flux_ug_g_d,spearman,-0.434,0
Crop,Miscanthus,log_012,N2ON_flux_ug_g_d,spearman,-0.309,0.001
Crop,Corn,log_025,net_min_rate_rel,lm_r_squared,0.01,0.574
Crop,Miscanthus,log_025,net_min_rate_rel,lm_r_squared,0.006,0.535
Crop,Corn,log_025,net_min_rate_rel,pearson,0.055,0.574
Crop,Miscanthus,log_025,net_min_rate_rel,pearson,0.06,0.535
Crop,Corn,log_025,net_min_rate_rel,spearman,0.06,0.537
Crop,Miscanthus,log_025,net_min_rate_rel,spearman,0.16,0.097
Crop,Corn,log_025,net_min_rate_abs,lm_r_squared,-0.01,0.534
Crop,Miscanthus,log_025,net_min_rate_abs,lm_r_squared,0.013,0.158
Crop,Corn,log_025,net_min_rate_abs,pearson,-0.06,0.534
Crop,Miscanthus,log_025,net_min_rate_abs,pearson,0.137,0.158
Crop,Corn,log_025,net_min_rate_abs,spearman,-0.078,0.424
Crop,Miscanthus,log_025,net_min_rate_abs,spearman,0.23,0.017
Crop,Corn,log_025,net_nitr_rate_rel,lm_r_squared,0.019,0.305
Crop,Miscanthus,log_025,net_nitr_rate_rel,lm_r_squared,0.001,0.906
Crop,Corn,log_025,net_nitr_rate_rel,pearson,0.1,0.305
Crop,Miscanthus,log_025,net_nitr_rate_rel,pearson,0.012,0.906
Crop,Corn,log_025,net_nitr_rate_rel,spearman,0.094,0.332
Crop,Miscanthus,log_025,net_nitr_rate_rel,spearman,0.119,0.219
Crop,Corn,log_025,net_nitr_rate_abs,lm_r_squared,-0.008,0.651
Crop,Miscanthus,log_025,net_nitr_rate_abs,lm_r_squared,0.01,0.286
Crop,Corn,log_025,net_nitr_rate_abs,pearson,-0.044,0.651
Crop,Miscanthus,log_025,net_nitr_rate_abs,pearson,0.104,0.286
Crop,Corn,log_025,net_nitr_rate_abs,spearman,-0.052,0.593
Crop,Miscanthus,log_025,net_nitr_rate_abs,spearman,0.202,0.036
Crop,Corn,log_025,no3n_mg_kg_1,lm_r_squared,-0.001,0.407
Crop,Miscanthus,log_025,no3n_mg_kg_1,lm_r_squared,0.003,0
Crop,Corn,log_025,no3n_mg_kg_1,pearson,-0.081,0.407
Crop,Miscanthus,log_025,no3n_mg_kg_1,pearson,0.564,0
Crop,Corn,log_025,no3n_mg_kg_1,spearman,-0.04,0.68
Crop,Miscanthus,log_025,no3n_mg_kg_1,spearman,0.577,0
Crop,Corn,log_025,nh4n_mg_kg_1,lm_r_squared,0.003,0.685
Crop,Miscanthus,log_025,nh4n_mg_kg_1,lm_r_squared,-0.025,0.052
Crop,Corn,log_025,nh4n_mg_kg_1,pearson,0.039,0.685
Crop,Miscanthus,log_025,nh4n_mg_kg_1,pearson,-0.187,0.052
Crop,Corn,log_025,nh4n_mg_kg_1,spearman,0.194,0.044
Crop,Miscanthus,log_025,nh4n_mg_kg_1,spearman,-0.23,0.017
Crop,Corn,log_025,N2ON_flux_ug_g_d,lm_r_squared,-0.119,0.808
Crop,Miscanthus,log_025,N2ON_flux_ug_g_d,lm_r_squared,0.054,0.713
Crop,Corn,log_025,N2ON_flux_ug_g_d,pearson,-0.024,0.808
Crop,Miscanthus,log_025,N2ON_flux_ug_g_d,pearson,0.036,0.713
Crop,Corn,log_025,N2ON_flux_ug_g_d,spearman,0.017,0.862
Crop,Miscanthus,log_025,N2ON_flux_ug_g_d,spearman,0.15,0.122
Crop,Corn,log_039,net_min_rate_rel,lm_r_squared,0.011,0.529
Crop,Miscanthus,log_039,net_min_rate_rel,lm_r_squared,0.003,0.741
Crop,Corn,log_039,net_min_rate_rel,pearson,0.061,0.529
Crop,Miscanthus,log_039,net_min_rate_rel,pearson,0.032,0.741
Crop,Corn,log_039,net_min_rate_rel,spearman,0.152,0.115
Crop,Miscanthus,log_039,net_min_rate_rel,spearman,0.292,0.002
Crop,Corn,log_039,net_min_rate_abs,lm_r_squared,0.001,0.933
Crop,Miscanthus,log_039,net_min_rate_abs,lm_r_squared,-0.012,0.218
Crop,Corn,log_039,net_min_rate_abs,pearson,0.008,0.933
Crop,Miscanthus,log_039,net_min_rate_abs,pearson,-0.119,0.218
Crop,Corn,log_039,net_min_rate_abs,spearman,0.096,0.321
Crop,Miscanthus,log_039,net_min_rate_abs,spearman,0.014,0.882
Crop,Corn,log_039,net_nitr_rate_rel,lm_r_squared,0.017,0.352
Crop,Miscanthus,log_039,net_nitr_rate_rel,lm_r_squared,0,0.984
Crop,Corn,log_039,net_nitr_rate_rel,pearson,0.09,0.352
Crop,Miscanthus,log_039,net_nitr_rate_rel,pearson,0.002,0.984
Crop,Corn,log_039,net_nitr_rate_rel,spearman,0.186,0.054
Crop,Miscanthus,log_039,net_nitr_rate_rel,spearman,0.254,0.008
Crop,Corn,log_039,net_nitr_rate_abs,lm_r_squared,0.004,0.802
Crop,Miscanthus,log_039,net_nitr_rate_abs,lm_r_squared,-0.012,0.199
Crop,Corn,log_039,net_nitr_rate_abs,pearson,0.024,0.802
Crop,Miscanthus,log_039,net_nitr_rate_abs,pearson,-0.124,0.199
Crop,Corn,log_039,net_nitr_rate_abs,spearman,0.117,0.229
Crop,Miscanthus,log_039,net_nitr_rate_abs,spearman,0.019,0.848
Crop,Corn,log_039,no3n_mg_kg_1,lm_r_squared,0,0.574
Crop,Miscanthus,log_039,no3n_mg_kg_1,lm_r_squared,0,0.455
Crop,Corn,log_039,no3n_mg_kg_1,pearson,-0.055,0.574
Crop,Miscanthus,log_039,no3n_mg_kg_1,pearson,-0.073,0.455
Crop,Corn,log_039,no3n_mg_kg_1,spearman,0.069,0.476
Crop,Miscanthus,log_039,no3n_mg_kg_1,spearman,0.12,0.217
Crop,Corn,log_039,nh4n_mg_kg_1,lm_r_squared,-0.01,0.214
Crop,Miscanthus,log_039,nh4n_mg_kg_1,lm_r_squared,-0.024,0.065
Crop,Corn,log_039,nh4n_mg_kg_1,pearson,-0.12,0.214
Crop,Miscanthus,log_039,nh4n_mg_kg_1,pearson,-0.178,0.065
Crop,Corn,log_039,nh4n_mg_kg_1,spearman,-0.356,0
Crop,Miscanthus,log_039,nh4n_mg_kg_1,spearman,-0.403,0
Crop,Corn,log_039,N2ON_flux_ug_g_d,lm_r_squared,-0.12,0.796
Crop,Miscanthus,log_039,N2ON_flux_ug_g_d,lm_r_squared,-0.09,0.555
Crop,Corn,log_039,N2ON_flux_ug_g_d,pearson,-0.025,0.796
Crop,Miscanthus,log_039,N2ON_flux_ug_g_d,pearson,-0.057,0.555
Crop,Corn,log_039,N2ON_flux_ug_g_d,spearman,-0.081,0.402
Crop,Miscanthus,log_039,N2ON_flux_ug_g_d,spearman,-0.265,0.006
Crop,Corn,F1R2_log,net_min_rate_rel,lm_r_squared,0.008,0.693
Crop,Miscanthus,F1R2_log,net_min_rate_rel,lm_r_squared,-0.007,0.581
Crop,Corn,F1R2_log,net_min_rate_rel,pearson,0.038,0.693
Crop,Miscanthus,F1R2_log,net_min_rate_rel,pearson,-0.054,0.581
Crop,Corn,F1R2_log,net_min_rate_rel,spearman,0.078,0.424
Crop,Miscanthus,F1R2_log,net_min_rate_rel,spearman,0.146,0.132
Crop,Corn,F1R2_log,net_min_rate_abs,lm_r_squared,-0.018,0.32
Crop,Miscanthus,F1R2_log,net_min_rate_abs,lm_r_squared,-0.013,0.277
Crop,Corn,F1R2_log,net_min_rate_abs,pearson,-0.097,0.32
Crop,Miscanthus,F1R2_log,net_min_rate_abs,pearson,-0.106,0.277
Crop,Corn,F1R2_log,net_min_rate_abs,spearman,-0.149,0.123
Crop,Miscanthus,F1R2_log,net_min_rate_abs,spearman,0.041,0.675
Crop,Corn,F1R2_log,net_nitr_rate_rel,lm_r_squared,0.018,0.395
Crop,Miscanthus,F1R2_log,net_nitr_rate_rel,lm_r_squared,-0.006,0.652
Crop,Corn,F1R2_log,net_nitr_rate_rel,pearson,0.083,0.395
Crop,Miscanthus,F1R2_log,net_nitr_rate_rel,pearson,-0.044,0.652
Crop,Corn,F1R2_log,net_nitr_rate_rel,spearman,0.114,0.241
Crop,Miscanthus,F1R2_log,net_nitr_rate_rel,spearman,0.139,0.151
Crop,Corn,F1R2_log,net_nitr_rate_abs,lm_r_squared,-0.014,0.448
Crop,Miscanthus,F1R2_log,net_nitr_rate_abs,lm_r_squared,-0.011,0.359
Crop,Corn,F1R2_log,net_nitr_rate_abs,pearson,-0.074,0.448
Crop,Miscanthus,F1R2_log,net_nitr_rate_abs,pearson,-0.089,0.359
Crop,Corn,F1R2_log,net_nitr_rate_abs,spearman,-0.103,0.286
Crop,Miscanthus,F1R2_log,net_nitr_rate_abs,spearman,0.056,0.562
Crop,Corn,F1R2_log,no3n_mg_kg_1,lm_r_squared,-0.002,0.047
Crop,Miscanthus,F1R2_log,no3n_mg_kg_1,lm_r_squared,0.002,0.008
Crop,Corn,F1R2_log,no3n_mg_kg_1,pearson,-0.192,0.047
Crop,Miscanthus,F1R2_log,no3n_mg_kg_1,pearson,0.255,0.008
Crop,Corn,F1R2_log,no3n_mg_kg_1,spearman,-0.162,0.094
Crop,Miscanthus,F1R2_log,no3n_mg_kg_1,spearman,0.374,0
Crop,Corn,F1R2_log,nh4n_mg_kg_1,lm_r_squared,-0.007,0.444
Crop,Miscanthus,F1R2_log,nh4n_mg_kg_1,lm_r_squared,-0.014,0.392
Crop,Corn,F1R2_log,nh4n_mg_kg_1,pearson,-0.074,0.444
Crop,Miscanthus,F1R2_log,nh4n_mg_kg_1,pearson,-0.083,0.392
Crop,Corn,F1R2_log,nh4n_mg_kg_1,spearman,-0.032,0.744
Crop,Miscanthus,F1R2_log,nh4n_mg_kg_1,spearman,-0.157,0.105
Crop,Corn,F1R2_log,N2ON_flux_ug_g_d,lm_r_squared,-0.2,0.713
Crop,Miscanthus,F1R2_log,N2ON_flux_ug_g_d,lm_r_squared,-0.35,0.068
Crop,Corn,F1R2_log,N2ON_flux_ug_g_d,pearson,-0.036,0.713
Crop,Miscanthus,F1R2_log,N2ON_flux_ug_g_d,pearson,-0.176,0.068
Crop,Corn,F1R2_log,N2ON_flux_ug_g_d,spearman,-0.129,0.182
Crop,Miscanthus,F1R2_log,N2ON_flux_ug_g_d,spearman,-0.17,0.078
Crop,Corn,log_sum,net_min_rate_rel,lm_r_squared,0.011,0.482
Crop,Miscanthus,log_sum,net_min_rate_rel,lm_r_squared,0.001,0.888
Crop,Corn,log_sum,net_min_rate_rel,pearson,0.068,0.482
Crop,Miscanthus,log_sum,net_min_rate_rel,pearson,0.014,0.888
Crop,Corn,log_sum,net_min_rate_rel,spearman,-0.032,0.74
Crop,Miscanthus,log_sum,net_min_rate_rel,spearman,0.262,0.006
Crop,Corn,log_sum,net_min_rate_abs,lm_r_squared,-0.006,0.687
Crop,Miscanthus,log_sum,net_min_rate_abs,lm_r_squared,-0.009,0.253
Crop,Corn,log_sum,net_min_rate_abs,pearson,-0.039,0.687
Crop,Miscanthus,log_sum,net_min_rate_abs,pearson,-0.111,0.253
Crop,Corn,log_sum,net_min_rate_abs,spearman,-0.21,0.029
Crop,Miscanthus,log_sum,net_min_rate_abs,spearman,0.019,0.847
Crop,Corn,log_sum,net_nitr_rate_rel,lm_r_squared,0.013,0.433
Crop,Miscanthus,log_sum,net_nitr_rate_rel,lm_r_squared,-0.002,0.833
Crop,Corn,log_sum,net_nitr_rate_rel,pearson,0.076,0.433
Crop,Miscanthus,log_sum,net_nitr_rate_rel,pearson,-0.02,0.833
Crop,Corn,log_sum,net_nitr_rate_rel,spearman,-0.049,0.613
Crop,Miscanthus,log_sum,net_nitr_rate_rel,spearman,0.221,0.022
Crop,Corn,log_sum,net_nitr_rate_abs,lm_r_squared,-0.008,0.616
Crop,Miscanthus,log_sum,net_nitr_rate_abs,lm_r_squared,-0.011,0.219
Crop,Corn,log_sum,net_nitr_rate_abs,pearson,-0.049,0.616
Crop,Miscanthus,log_sum,net_nitr_rate_abs,pearson,-0.119,0.219
Crop,Corn,log_sum,net_nitr_rate_abs,spearman,-0.231,0.016
Crop,Miscanthus,log_sum,net_nitr_rate_abs,spearman,0.022,0.824
Crop,Corn,log_sum,no3n_mg_kg_1,lm_r_squared,-0.001,0.074
Crop,Miscanthus,log_sum,no3n_mg_kg_1,lm_r_squared,0,0.968
Crop,Corn,log_sum,no3n_mg_kg_1,pearson,-0.173,0.074
Crop,Miscanthus,log_sum,no3n_mg_kg_1,pearson,0.004,0.968
Crop,Corn,log_sum,no3n_mg_kg_1,spearman,-0.408,0
Crop,Miscanthus,log_sum,no3n_mg_kg_1,spearman,0.151,0.119
Crop,Corn,log_sum,nh4n_mg_kg_1,lm_r_squared,-0.001,0.906
Crop,Miscanthus,log_sum,nh4n_mg_kg_1,lm_r_squared,-0.022,0.062
Crop,Corn,log_sum,nh4n_mg_kg_1,pearson,-0.012,0.906
Crop,Miscanthus,log_sum,nh4n_mg_kg_1,pearson,-0.18,0.062
Crop,Corn,log_sum,nh4n_mg_kg_1,spearman,0.021,0.83
Crop,Miscanthus,log_sum,nh4n_mg_kg_1,spearman,-0.385,0
Crop,Corn,log_sum,N2ON_flux_ug_g_d,lm_r_squared,-0.406,0.356
Crop,Miscanthus,log_sum,N2ON_flux_ug_g_d,lm_r_squared,-0.095,0.479
Crop,Corn,log_sum,N2ON_flux_ug_g_d,pearson,-0.09,0.356
Crop,Miscanthus,log_sum,N2ON_flux_ug_g_d,pearson,-0.069,0.479
Crop,Corn,log_sum,N2ON_flux_ug_g_d,spearman,-0.365,0
Crop,Miscanthus,log_sum,N2ON_flux_ug_g_d,spearman,-0.278,0.004
Crop,Corn,log_norB.001,net_min_rate_rel,lm_r_squared,0.011,0.763
Crop,Miscanthus,log_norB.001,net_min_rate_rel,lm_r_squared,0.001,0.95
Crop,Corn,log_norB.001,net_min_rate_rel,pearson,0.029,0.763
Crop,Miscanthus,log_norB.001,net_min_rate_rel,pearson,0.006,0.95
Crop,Corn,log_norB.001,net_min_rate_rel,spearman,-0.175,0.069
Crop,Miscanthus,log_norB.001,net_min_rate_rel,spearman,0.106,0.276
Crop,Corn,log_norB.001,net_min_rate_abs,lm_r_squared,-0.042,0.189
Crop,Miscanthus,log_norB.001,net_min_rate_abs,lm_r_squared,0.013,0.377
Crop,Corn,log_norB.001,net_min_rate_abs,pearson,-0.127,0.189
Crop,Miscanthus,log_norB.001,net_min_rate_abs,pearson,0.086,0.377
Crop,Corn,log_norB.001,net_min_rate_abs,spearman,-0.416,0
Crop,Miscanthus,log_norB.001,net_min_rate_abs,spearman,0.27,0.005
Crop,Corn,log_norB.001,net_nitr_rate_rel,lm_r_squared,0.016,0.673
Crop,Miscanthus,log_norB.001,net_nitr_rate_rel,lm_r_squared,-0.007,0.693
Crop,Corn,log_norB.001,net_nitr_rate_rel,pearson,0.041,0.673
Crop,Miscanthus,log_norB.001,net_nitr_rate_rel,pearson,-0.038,0.693
Crop,Corn,log_norB.001,net_nitr_rate_rel,spearman,-0.178,0.065
Crop,Miscanthus,log_norB.001,net_nitr_rate_rel,spearman,0.047,0.627
Crop,Corn,log_norB.001,net_nitr_rate_abs,lm_r_squared,-0.049,0.136
Crop,Miscanthus,log_norB.001,net_nitr_rate_abs,lm_r_squared,0.009,0.56
Crop,Corn,log_norB.001,net_nitr_rate_abs,pearson,-0.144,0.136
Crop,Miscanthus,log_norB.001,net_nitr_rate_abs,pearson,0.057,0.56
Crop,Corn,log_norB.001,net_nitr_rate_abs,spearman,-0.412,0
Crop,Miscanthus,log_norB.001,net_nitr_rate_abs,spearman,0.229,0.017
Crop,Corn,log_norB.001,no3n_mg_kg_1,lm_r_squared,-0.005,0
Crop,Miscanthus,log_norB.001,no3n_mg_kg_1,lm_r_squared,0.002,0.009
Crop,Corn,log_norB.001,no3n_mg_kg_1,pearson,-0.344,0
Crop,Miscanthus,log_norB.001,no3n_mg_kg_1,pearson,0.25,0.009
Crop,Corn,log_norB.001,no3n_mg_kg_1,spearman,-0.631,0
Crop,Miscanthus,log_norB.001,no3n_mg_kg_1,spearman,0.44,0
Crop,Corn,log_norB.001,nh4n_mg_kg_1,lm_r_squared,0.009,0.589
Crop,Miscanthus,log_norB.001,nh4n_mg_kg_1,lm_r_squared,-0.009,0.658
Crop,Corn,log_norB.001,nh4n_mg_kg_1,pearson,0.053,0.589
Crop,Miscanthus,log_norB.001,nh4n_mg_kg_1,pearson,-0.043,0.658
Crop,Corn,log_norB.001,nh4n_mg_kg_1,spearman,0.266,0.005
Crop,Miscanthus,log_norB.001,nh4n_mg_kg_1,spearman,-0.115,0.236
Crop,Corn,log_norB.001,N2ON_flux_ug_g_d,lm_r_squared,-0.918,0.344
Crop,Miscanthus,log_norB.001,N2ON_flux_ug_g_d,lm_r_squared,-0.578,0.016
Crop,Corn,log_norB.001,N2ON_flux_ug_g_d,pearson,-0.092,0.344
Crop,Miscanthus,log_norB.001,N2ON_flux_ug_g_d,pearson,-0.23,0.016
Crop,Corn,log_norB.001,N2ON_flux_ug_g_d,spearman,-0.515,0
Crop,Miscanthus,log_norB.001,N2ON_flux_ug_g_d,spearman,-0.164,0.09
Crop,Corn,log_norB.006,net_min_rate_rel,lm_r_squared,0.006,0.892
Crop,Miscanthus,log_norB.006,net_min_rate_rel,lm_r_squared,0.028,0.302
Crop,Corn,log_norB.006,net_min_rate_rel,pearson,0.013,0.892
Crop,Miscanthus,log_norB.006,net_min_rate_rel,pearson,0.1,0.302
Crop,Corn,log_norB.006,net_min_rate_rel,spearman,0.009,0.925
Crop,Miscanthus,log_norB.006,net_min_rate_rel,spearman,0.314,0.001
Crop,Corn,log_norB.006,net_min_rate_abs,lm_r_squared,-0.057,0.135
Crop,Miscanthus,log_norB.006,net_min_rate_abs,lm_r_squared,0.001,0.964
Crop,Corn,log_norB.006,net_min_rate_abs,pearson,-0.145,0.135
Crop,Miscanthus,log_norB.006,net_min_rate_abs,pearson,0.004,0.964
Crop,Corn,log_norB.006,net_min_rate_abs,spearman,-0.26,0.006
Crop,Miscanthus,log_norB.006,net_min_rate_abs,spearman,0.082,0.402
Crop,Corn,log_norB.006,net_nitr_rate_rel,lm_r_squared,0.012,0.79
Crop,Miscanthus,log_norB.006,net_nitr_rate_rel,lm_r_squared,0.013,0.642
Crop,Corn,log_norB.006,net_nitr_rate_rel,pearson,0.026,0.79
Crop,Miscanthus,log_norB.006,net_nitr_rate_rel,pearson,0.045,0.642
Crop,Corn,log_norB.006,net_nitr_rate_rel,spearman,0.026,0.786
Crop,Miscanthus,log_norB.006,net_nitr_rate_rel,spearman,0.258,0.007
Crop,Corn,log_norB.006,net_nitr_rate_abs,lm_r_squared,-0.06,0.13
Crop,Miscanthus,log_norB.006,net_nitr_rate_abs,lm_r_squared,-0.004,0.871
Crop,Corn,log_norB.006,net_nitr_rate_abs,pearson,-0.147,0.13
Crop,Miscanthus,log_norB.006,net_nitr_rate_abs,pearson,-0.016,0.871
Crop,Corn,log_norB.006,net_nitr_rate_abs,spearman,-0.224,0.02
Crop,Miscanthus,log_norB.006,net_nitr_rate_abs,spearman,0.076,0.434
Crop,Corn,log_norB.006,no3n_mg_kg_1,lm_r_squared,-0.006,0
Crop,Miscanthus,log_norB.006,no3n_mg_kg_1,lm_r_squared,0.001,0.346
Crop,Corn,log_norB.006,no3n_mg_kg_1,pearson,-0.352,0
Crop,Miscanthus,log_norB.006,no3n_mg_kg_1,pearson,0.092,0.346
Crop,Corn,log_norB.006,no3n_mg_kg_1,spearman,-0.377,0
Crop,Miscanthus,log_norB.006,no3n_mg_kg_1,spearman,0.179,0.063
Crop,Corn,log_norB.006,nh4n_mg_kg_1,lm_r_squared,-0.022,0.273
Crop,Miscanthus,log_norB.006,nh4n_mg_kg_1,lm_r_squared,-0.108,0.002
Crop,Corn,log_norB.006,nh4n_mg_kg_1,pearson,-0.107,0.273
Crop,Miscanthus,log_norB.006,nh4n_mg_kg_1,pearson,-0.293,0.002
Crop,Corn,log_norB.006,nh4n_mg_kg_1,spearman,-0.204,0.035
Crop,Miscanthus,log_norB.006,nh4n_mg_kg_1,spearman,-0.474,0
Crop,Corn,log_norB.006,N2ON_flux_ug_g_d,lm_r_squared,-0.523,0.654
Crop,Miscanthus,log_norB.006,N2ON_flux_ug_g_d,lm_r_squared,-0.737,0.072
Crop,Corn,log_norB.006,N2ON_flux_ug_g_d,pearson,-0.044,0.654
Crop,Miscanthus,log_norB.006,N2ON_flux_ug_g_d,pearson,-0.174,0.072
Crop,Corn,log_norB.006,N2ON_flux_ug_g_d,spearman,-0.215,0.026
Crop,Miscanthus,log_norB.006,N2ON_flux_ug_g_d,spearman,-0.392,0
Crop,Corn,log_cnorB,net_min_rate_rel,lm_r_squared,0.007,0.821
Crop,Miscanthus,log_cnorB,net_min_rate_rel,lm_r_squared,-0.011,0.456
Crop,Corn,log_cnorB,net_min_rate_rel,pearson,0.022,0.821
Crop,Miscanthus,log_cnorB,net_min_rate_rel,pearson,-0.072,0.456
Crop,Corn,log_cnorB,net_min_rate_rel,spearman,-0.148,0.126
Crop,Miscanthus,log_cnorB,net_min_rate_rel,spearman,0.135,0.163
Crop,Corn,log_cnorB,net_min_rate_abs,lm_r_squared,-0.043,0.14
Crop,Miscanthus,log_cnorB,net_min_rate_abs,lm_r_squared,-0.007,0.618
Crop,Corn,log_cnorB,net_min_rate_abs,pearson,-0.143,0.14
Crop,Miscanthus,log_cnorB,net_min_rate_abs,pearson,-0.049,0.618
Crop,Corn,log_cnorB,net_min_rate_abs,spearman,-0.397,0
Crop,Miscanthus,log_cnorB,net_min_rate_abs,spearman,0.205,0.034
Crop,Corn,log_cnorB,net_nitr_rate_rel,lm_r_squared,0.014,0.689
Crop,Miscanthus,log_cnorB,net_nitr_rate_rel,lm_r_squared,-0.019,0.239
Crop,Corn,log_cnorB,net_nitr_rate_rel,pearson,0.039,0.689
Crop,Miscanthus,log_cnorB,net_nitr_rate_rel,pearson,-0.114,0.239
Crop,Corn,log_cnorB,net_nitr_rate_rel,spearman,-0.145,0.134
Crop,Miscanthus,log_cnorB,net_nitr_rate_rel,spearman,0.08,0.408
Crop,Corn,log_cnorB,net_nitr_rate_abs,lm_r_squared,-0.048,0.11
Crop,Miscanthus,log_cnorB,net_nitr_rate_abs,lm_r_squared,-0.011,0.451
Crop,Corn,log_cnorB,net_nitr_rate_abs,pearson,-0.155,0.11
Crop,Miscanthus,log_cnorB,net_nitr_rate_abs,pearson,-0.073,0.451
Crop,Corn,log_cnorB,net_nitr_rate_abs,spearman,-0.381,0
Crop,Miscanthus,log_cnorB,net_nitr_rate_abs,spearman,0.173,0.073
Crop,Corn,log_cnorB,no3n_mg_kg_1,lm_r_squared,-0.005,0
Crop,Miscanthus,log_cnorB,no3n_mg_kg_1,lm_r_squared,0.001,0.101
Crop,Corn,log_cnorB,no3n_mg_kg_1,pearson,-0.361,0
Crop,Miscanthus,log_cnorB,no3n_mg_kg_1,pearson,0.159,0.101
Crop,Corn,log_cnorB,no3n_mg_kg_1,spearman,-0.601,0
Crop,Miscanthus,log_cnorB,no3n_mg_kg_1,spearman,0.346,0
Crop,Corn,log_cnorB,nh4n_mg_kg_1,lm_r_squared,0.007,0.618
Crop,Miscanthus,log_cnorB,nh4n_mg_kg_1,lm_r_squared,-0.01,0.604
Crop,Corn,log_cnorB,nh4n_mg_kg_1,pearson,0.048,0.618
Crop,Miscanthus,log_cnorB,nh4n_mg_kg_1,pearson,-0.05,0.604
Crop,Corn,log_cnorB,nh4n_mg_kg_1,spearman,0.255,0.008
Crop,Miscanthus,log_cnorB,nh4n_mg_kg_1,spearman,-0.21,0.029
Crop,Corn,log_cnorB,N2ON_flux_ug_g_d,lm_r_squared,-0.783,0.374
Crop,Miscanthus,log_cnorB,N2ON_flux_ug_g_d,lm_r_squared,-0.151,0.51
Crop,Corn,log_cnorB,N2ON_flux_ug_g_d,pearson,-0.086,0.374
Crop,Miscanthus,log_cnorB,N2ON_flux_ug_g_d,pearson,-0.064,0.51
Crop,Corn,log_cnorB,N2ON_flux_ug_g_d,spearman,-0.477,0
Crop,Miscanthus,log_cnorB,N2ON_flux_ug_g_d,spearman,-0.12,0.218
Crop,Corn,log_norb_sum,net_min_rate_rel,lm_r_squared,0.008,0.84
Crop,Miscanthus,log_norb_sum,net_min_rate_rel,lm_r_squared,0.016,0.429
Crop,Corn,log_norb_sum,net_min_rate_rel,pearson,0.02,0.84
Crop,Miscanthus,log_norb_sum,net_min_rate_rel,pearson,0.077,0.429
Crop,Corn,log_norb_sum,net_min_rate_rel,spearman,-0.052,0.594
Crop,Miscanthus,log_norb_sum,net_min_rate_rel,spearman,0.285,0.003
Crop,Corn,log_norb_sum,net_min_rate_abs,lm_r_squared,-0.053,0.136
Crop,Miscanthus,log_norb_sum,net_min_rate_abs,lm_r_squared,0.004,0.826
Crop,Corn,log_norb_sum,net_min_rate_abs,pearson,-0.144,0.136
Crop,Miscanthus,log_norb_sum,net_min_rate_abs,pearson,0.021,0.826
Crop,Corn,log_norb_sum,net_min_rate_abs,spearman,-0.344,0
Crop,Miscanthus,log_norb_sum,net_min_rate_abs,spearman,0.14,0.149
Crop,Corn,log_norb_sum,net_nitr_rate_rel,lm_r_squared,0.014,0.741
Crop,Miscanthus,log_norb_sum,net_nitr_rate_rel,lm_r_squared,0.004,0.844
Crop,Corn,log_norb_sum,net_nitr_rate_rel,pearson,0.032,0.741
Crop,Miscanthus,log_norb_sum,net_nitr_rate_rel,pearson,0.019,0.844
Crop,Corn,log_norb_sum,net_nitr_rate_rel,spearman,-0.037,0.703
Crop,Miscanthus,log_norb_sum,net_nitr_rate_rel,spearman,0.223,0.02
Crop,Corn,log_norb_sum,net_nitr_rate_abs,lm_r_squared,-0.057,0.119
Crop,Miscanthus,log_norb_sum,net_nitr_rate_abs,lm_r_squared,-0.001,0.972
Crop,Corn,log_norb_sum,net_nitr_rate_abs,pearson,-0.151,0.119
Crop,Miscanthus,log_norb_sum,net_nitr_rate_abs,pearson,-0.003,0.972
Crop,Corn,log_norb_sum,net_nitr_rate_abs,spearman,-0.306,0.001
Crop,Miscanthus,log_norb_sum,net_nitr_rate_abs,spearman,0.125,0.198
Crop,Corn,log_norb_sum,no3n_mg_kg_1,lm_r_squared,-0.006,0
Crop,Miscanthus,log_norb_sum,no3n_mg_kg_1,lm_r_squared,0.002,0.129
Crop,Corn,log_norb_sum,no3n_mg_kg_1,pearson,-0.36,0
Crop,Miscanthus,log_norb_sum,no3n_mg_kg_1,pearson,0.147,0.129
Crop,Corn,log_norb_sum,no3n_mg_kg_1,spearman,-0.471,0
Crop,Miscanthus,log_norb_sum,no3n_mg_kg_1,spearman,0.274,0.004
Crop,Corn,log_norb_sum,nh4n_mg_kg_1,lm_r_squared,-0.011,0.553
Crop,Miscanthus,log_norb_sum,nh4n_mg_kg_1,lm_r_squared,-0.069,0.008
Crop,Corn,log_norb_sum,nh4n_mg_kg_1,pearson,-0.058,0.553
Crop,Miscanthus,log_norb_sum,nh4n_mg_kg_1,pearson,-0.254,0.008
Crop,Corn,log_norb_sum,nh4n_mg_kg_1,spearman,-0.116,0.234
Crop,Miscanthus,log_norb_sum,nh4n_mg_kg_1,spearman,-0.413,0
Crop,Corn,log_norb_sum,N2ON_flux_ug_g_d,lm_r_squared,-0.621,0.565
Crop,Miscanthus,log_norb_sum,N2ON_flux_ug_g_d,lm_r_squared,-0.639,0.033
Crop,Corn,log_norb_sum,N2ON_flux_ug_g_d,pearson,-0.056,0.565
Crop,Miscanthus,log_norb_sum,N2ON_flux_ug_g_d,pearson,-0.205,0.033
Crop,Corn,log_norb_sum,N2ON_flux_ug_g_d,spearman,-0.282,0.003
Crop,Miscanthus,log_norb_sum,N2ON_flux_ug_g_d,spearman,-0.383,0
Addition,Control,log_012,net_min_rate_rel,lm_r_squared,0.001,0.913
Addition,Carbon,log_012,net_min_rate_rel,lm_r_squared,-0.018,0.297
Addition,Nitrogen,log_012,net_min_rate_rel,lm_r_squared,0.016,0.348
Addition,Control,log_012,net_min_rate_rel,pearson,0.013,0.913
Addition,Carbon,log_012,net_min_rate_rel,pearson,-0.124,0.297
Addition,Nitrogen,log_012,net_min_rate_rel,pearson,0.112,0.348
Addition,Control,log_012,net_min_rate_rel,spearman,0.138,0.247
Addition,Carbon,log_012,net_min_rate_rel,spearman,-0.02,0.87
Addition,Nitrogen,log_012,net_min_rate_rel,spearman,0.231,0.052
Addition,Control,log_012,net_min_rate_abs,lm_r_squared,-0.014,0.173
Addition,Carbon,log_012,net_min_rate_abs,lm_r_squared,-0.035,0.032
Addition,Nitrogen,log_012,net_min_rate_abs,lm_r_squared,-0.005,0.794
Addition,Control,log_012,net_min_rate_abs,pearson,-0.162,0.173
Addition,Carbon,log_012,net_min_rate_abs,pearson,-0.253,0.032
Addition,Nitrogen,log_012,net_min_rate_abs,pearson,-0.031,0.794
Addition,Control,log_012,net_min_rate_abs,spearman,-0.14,0.241
Addition,Carbon,log_012,net_min_rate_abs,spearman,-0.283,0.016
Addition,Nitrogen,log_012,net_min_rate_abs,spearman,-0.028,0.817
Addition,Control,log_012,net_nitr_rate_rel,lm_r_squared,-0.006,0.689
Addition,Carbon,log_012,net_nitr_rate_rel,lm_r_squared,-0.018,0.339
Addition,Nitrogen,log_012,net_nitr_rate_rel,lm_r_squared,0.017,0.354
Addition,Control,log_012,net_nitr_rate_rel,pearson,-0.048,0.689
Addition,Carbon,log_012,net_nitr_rate_rel,pearson,-0.114,0.339
Addition,Nitrogen,log_012,net_nitr_rate_rel,pearson,0.111,0.354
Addition,Control,log_012,net_nitr_rate_rel,spearman,0.079,0.508
Addition,Carbon,log_012,net_nitr_rate_rel,spearman,-0.012,0.921
Addition,Nitrogen,log_012,net_nitr_rate_rel,spearman,0.167,0.159
Addition,Control,log_012,net_nitr_rate_abs,lm_r_squared,-0.022,0.054
Addition,Carbon,log_012,net_nitr_rate_abs,lm_r_squared,-0.034,0.043
Addition,Nitrogen,log_012,net_nitr_rate_abs,lm_r_squared,-0.004,0.818
Addition,Control,log_012,net_nitr_rate_abs,pearson,-0.228,0.054
Addition,Carbon,log_012,net_nitr_rate_abs,pearson,-0.239,0.043
Addition,Nitrogen,log_012,net_nitr_rate_abs,pearson,-0.028,0.818
Addition,Control,log_012,net_nitr_rate_abs,spearman,-0.17,0.153
Addition,Carbon,log_012,net_nitr_rate_abs,spearman,-0.226,0.057
Addition,Nitrogen,log_012,net_nitr_rate_abs,spearman,-0.067,0.573
Addition,Control,log_012,no3n_mg_kg_1,lm_r_squared,-0.001,0.058
Addition,Carbon,log_012,no3n_mg_kg_1,lm_r_squared,-0.003,0.01
Addition,Nitrogen,log_012,no3n_mg_kg_1,lm_r_squared,0,0.691
Addition,Control,log_012,no3n_mg_kg_1,pearson,-0.225,0.058
Addition,Carbon,log_012,no3n_mg_kg_1,pearson,-0.302,0.01
Addition,Nitrogen,log_012,no3n_mg_kg_1,pearson,-0.048,0.691
Addition,Control,log_012,no3n_mg_kg_1,spearman,-0.205,0.084
Addition,Carbon,log_012,no3n_mg_kg_1,spearman,-0.185,0.119
Addition,Nitrogen,log_012,no3n_mg_kg_1,spearman,-0.142,0.232
Addition,Control,log_012,nh4n_mg_kg_1,lm_r_squared,0.002,0.619
Addition,Carbon,log_012,nh4n_mg_kg_1,lm_r_squared,-0.013,0.544
Addition,Nitrogen,log_012,nh4n_mg_kg_1,lm_r_squared,-0.016,0.323
Addition,Control,log_012,nh4n_mg_kg_1,pearson,0.06,0.619
Addition,Carbon,log_012,nh4n_mg_kg_1,pearson,-0.073,0.544
Addition,Nitrogen,log_012,nh4n_mg_kg_1,pearson,-0.118,0.323
Addition,Control,log_012,nh4n_mg_kg_1,spearman,-0.144,0.228
Addition,Carbon,log_012,nh4n_mg_kg_1,spearman,-0.121,0.313
Addition,Nitrogen,log_012,nh4n_mg_kg_1,spearman,-0.265,0.025
Addition,Control,log_012,N2ON_flux_ug_g_d,lm_r_squared,-0.095,0.642
Addition,Carbon,log_012,N2ON_flux_ug_g_d,lm_r_squared,-0.228,0.544
Addition,Nitrogen,log_012,N2ON_flux_ug_g_d,lm_r_squared,0.011,0.962
Addition,Control,log_012,N2ON_flux_ug_g_d,pearson,-0.056,0.642
Addition,Carbon,log_012,N2ON_flux_ug_g_d,pearson,-0.073,0.544
Addition,Nitrogen,log_012,N2ON_flux_ug_g_d,pearson,0.006,0.962
Addition,Control,log_012,N2ON_flux_ug_g_d,spearman,-0.403,0.001
Addition,Carbon,log_012,N2ON_flux_ug_g_d,spearman,-0.184,0.122
Addition,Nitrogen,log_012,N2ON_flux_ug_g_d,spearman,-0.371,0.001
Addition,Control,log_025,net_min_rate_rel,lm_r_squared,0.008,0.64
Addition,Carbon,log_025,net_min_rate_rel,lm_r_squared,-0.004,0.777
Addition,Nitrogen,log_025,net_min_rate_rel,lm_r_squared,0.005,0.798
Addition,Control,log_025,net_min_rate_rel,pearson,0.056,0.64
Addition,Carbon,log_025,net_min_rate_rel,pearson,-0.034,0.777
Addition,Nitrogen,log_025,net_min_rate_rel,pearson,0.031,0.798
Addition,Control,log_025,net_min_rate_rel,spearman,0.193,0.104
Addition,Carbon,log_025,net_min_rate_rel,spearman,0.067,0.573
Addition,Nitrogen,log_025,net_min_rate_rel,spearman,0.069,0.562
Addition,Control,log_025,net_min_rate_abs,lm_r_squared,0.008,0.582
Addition,Carbon,log_025,net_min_rate_abs,lm_r_squared,-0.011,0.438
Addition,Nitrogen,log_025,net_min_rate_abs,lm_r_squared,0.002,0.921
Addition,Control,log_025,net_min_rate_abs,pearson,0.066,0.582
Addition,Carbon,log_025,net_min_rate_abs,pearson,-0.093,0.438
Addition,Nitrogen,log_025,net_min_rate_abs,pearson,0.012,0.921
Addition,Control,log_025,net_min_rate_abs,spearman,0.177,0.138
Addition,Carbon,log_025,net_min_rate_abs,spearman,-0.078,0.514
Addition,Nitrogen,log_025,net_min_rate_abs,spearman,0.09,0.452
Addition,Control,log_025,net_nitr_rate_rel,lm_r_squared,0.019,0.338
Addition,Carbon,log_025,net_nitr_rate_rel,lm_r_squared,-0.005,0.768
Addition,Nitrogen,log_025,net_nitr_rate_rel,lm_r_squared,0.003,0.881
Addition,Control,log_025,net_nitr_rate_rel,pearson,0.115,0.338
Addition,Carbon,log_025,net_nitr_rate_rel,pearson,-0.035,0.768
Addition,Nitrogen,log_025,net_nitr_rate_rel,pearson,0.018,0.881
Addition,Control,log_025,net_nitr_rate_rel,spearman,0.192,0.106
Addition,Carbon,log_025,net_nitr_rate_rel,spearman,0.062,0.601
Addition,Nitrogen,log_025,net_nitr_rate_rel,spearman,0.04,0.737
Addition,Control,log_025,net_nitr_rate_abs,lm_r_squared,0.014,0.399
Addition,Carbon,log_025,net_nitr_rate_abs,lm_r_squared,-0.012,0.434
Addition,Nitrogen,log_025,net_nitr_rate_abs,lm_r_squared,0,0.989
Addition,Control,log_025,net_nitr_rate_abs,pearson,0.101,0.399
Addition,Carbon,log_025,net_nitr_rate_abs,pearson,-0.094,0.434
Addition,Nitrogen,log_025,net_nitr_rate_abs,pearson,-0.002,0.989
Addition,Control,log_025,net_nitr_rate_abs,spearman,0.183,0.123
Addition,Carbon,log_025,net_nitr_rate_abs,spearman,-0.063,0.599
Addition,Nitrogen,log_025,net_nitr_rate_abs,spearman,0.045,0.707
Addition,Control,log_025,no3n_mg_kg_1,lm_r_squared,0.001,0.137
Addition,Carbon,log_025,no3n_mg_kg_1,lm_r_squared,0.001,0.368
Addition,Nitrogen,log_025,no3n_mg_kg_1,lm_r_squared,0.002,0.013
Addition,Control,log_025,no3n_mg_kg_1,pearson,0.177,0.137
Addition,Carbon,log_025,no3n_mg_kg_1,pearson,0.108,0.368
Addition,Nitrogen,log_025,no3n_mg_kg_1,pearson,0.293,0.013
Addition,Control,log_025,no3n_mg_kg_1,spearman,0.33,0.005
Addition,Carbon,log_025,no3n_mg_kg_1,spearman,0.254,0.032
Addition,Nitrogen,log_025,no3n_mg_kg_1,spearman,0.32,0.006
Addition,Control,log_025,nh4n_mg_kg_1,lm_r_squared,-0.003,0.712
Addition,Carbon,log_025,nh4n_mg_kg_1,lm_r_squared,-0.004,0.834
Addition,Nitrogen,log_025,nh4n_mg_kg_1,lm_r_squared,-0.01,0.528
Addition,Control,log_025,nh4n_mg_kg_1,pearson,-0.044,0.712
Addition,Carbon,log_025,nh4n_mg_kg_1,pearson,-0.025,0.834
Addition,Nitrogen,log_025,nh4n_mg_kg_1,pearson,-0.076,0.528
Addition,Control,log_025,nh4n_mg_kg_1,spearman,0.009,0.941
Addition,Carbon,log_025,nh4n_mg_kg_1,spearman,-0.063,0.599
Addition,Nitrogen,log_025,nh4n_mg_kg_1,spearman,-0.106,0.375
Addition,Control,log_025,N2ON_flux_ug_g_d,lm_r_squared,0.028,0.924
Addition,Carbon,log_025,N2ON_flux_ug_g_d,lm_r_squared,0.201,0.545
Addition,Nitrogen,log_025,N2ON_flux_ug_g_d,lm_r_squared,0.083,0.731
Addition,Control,log_025,N2ON_flux_ug_g_d,pearson,0.011,0.924
Addition,Carbon,log_025,N2ON_flux_ug_g_d,pearson,0.073,0.545
Addition,Nitrogen,log_025,N2ON_flux_ug_g_d,pearson,0.041,0.731
Addition,Control,log_025,N2ON_flux_ug_g_d,spearman,-0.009,0.938
Addition,Carbon,log_025,N2ON_flux_ug_g_d,spearman,0.31,0.008
Addition,Nitrogen,log_025,N2ON_flux_ug_g_d,spearman,0.021,0.863
Addition,Control,log_039,net_min_rate_rel,lm_r_squared,0.016,0.324
Addition,Carbon,log_039,net_min_rate_rel,lm_r_squared,0.001,0.944
Addition,Nitrogen,log_039,net_min_rate_rel,lm_r_squared,0.018,0.246
Addition,Control,log_039,net_min_rate_rel,pearson,0.118,0.324
Addition,Carbon,log_039,net_min_rate_rel,pearson,0.008,0.944
Addition,Nitrogen,log_039,net_min_rate_rel,pearson,0.138,0.246
Addition,Control,log_039,net_min_rate_rel,spearman,0.332,0.005
Addition,Carbon,log_039,net_min_rate_rel,spearman,0.304,0.01
Addition,Nitrogen,log_039,net_min_rate_rel,spearman,0.246,0.037
Addition,Control,log_039,net_min_rate_abs,lm_r_squared,0.001,0.956
Addition,Carbon,log_039,net_min_rate_abs,lm_r_squared,-0.014,0.384
Addition,Nitrogen,log_039,net_min_rate_abs,lm_r_squared,0.009,0.554
Addition,Control,log_039,net_min_rate_abs,pearson,0.007,0.956
Addition,Carbon,log_039,net_min_rate_abs,pearson,-0.104,0.384
Addition,Nitrogen,log_039,net_min_rate_abs,pearson,0.071,0.554
Addition,Control,log_039,net_min_rate_abs,spearman,0.133,0.265
Addition,Carbon,log_039,net_min_rate_abs,spearman,0.083,0.489
Addition,Nitrogen,log_039,net_min_rate_abs,spearman,0.1,0.404
Addition,Control,log_039,net_nitr_rate_rel,lm_r_squared,0.019,0.319
Addition,Carbon,log_039,net_nitr_rate_rel,lm_r_squared,0.002,0.929
Addition,Nitrogen,log_039,net_nitr_rate_rel,lm_r_squared,0.015,0.378
Addition,Control,log_039,net_nitr_rate_rel,pearson,0.119,0.319
Addition,Carbon,log_039,net_nitr_rate_rel,pearson,0.011,0.929
Addition,Nitrogen,log_039,net_nitr_rate_rel,pearson,0.106,0.378
Addition,Control,log_039,net_nitr_rate_rel,spearman,0.302,0.01
Addition,Carbon,log_039,net_nitr_rate_rel,spearman,0.303,0.01
Addition,Nitrogen,log_039,net_nitr_rate_rel,spearman,0.182,0.126
Addition,Control,log_039,net_nitr_rate_abs,lm_r_squared,-0.001,0.932
Addition,Carbon,log_039,net_nitr_rate_abs,lm_r_squared,-0.014,0.412
Addition,Nitrogen,log_039,net_nitr_rate_abs,lm_r_squared,0.008,0.63
Addition,Control,log_039,net_nitr_rate_abs,pearson,-0.01,0.932
Addition,Carbon,log_039,net_nitr_rate_abs,pearson,-0.098,0.412
Addition,Nitrogen,log_039,net_nitr_rate_abs,pearson,0.058,0.63
Addition,Control,log_039,net_nitr_rate_abs,spearman,0.129,0.278
Addition,Carbon,log_039,net_nitr_rate_abs,spearman,0.114,0.338
Addition,Nitrogen,log_039,net_nitr_rate_abs,spearman,0.046,0.702
Addition,Control,log_039,no3n_mg_kg_1,lm_r_squared,-0.001,0.318
Addition,Carbon,log_039,no3n_mg_kg_1,lm_r_squared,-0.002,0.097
Addition,Nitrogen,log_039,no3n_mg_kg_1,lm_r_squared,0.001,0.392
Addition,Control,log_039,no3n_mg_kg_1,pearson,-0.119,0.318
Addition,Carbon,log_039,no3n_mg_kg_1,pearson,-0.197,0.097
Addition,Nitrogen,log_039,no3n_mg_kg_1,pearson,0.103,0.392
Addition,Control,log_039,no3n_mg_kg_1,spearman,0.092,0.443
Addition,Carbon,log_039,no3n_mg_kg_1,spearman,0.1,0.401
Addition,Nitrogen,log_039,no3n_mg_kg_1,spearman,0.03,0.799
Addition,Control,log_039,nh4n_mg_kg_1,lm_r_squared,-0.002,0.734
Addition,Carbon,log_039,nh4n_mg_kg_1,lm_r_squared,-0.024,0.25
Addition,Nitrogen,log_039,nh4n_mg_kg_1,lm_r_squared,-0.027,0.057
Addition,Control,log_039,nh4n_mg_kg_1,pearson,-0.041,0.734
Addition,Carbon,log_039,nh4n_mg_kg_1,pearson,-0.137,0.25
Addition,Nitrogen,log_039,nh4n_mg_kg_1,pearson,-0.225,0.057
Addition,Control,log_039,nh4n_mg_kg_1,spearman,-0.226,0.056
Addition,Carbon,log_039,nh4n_mg_kg_1,spearman,-0.281,0.017
Addition,Nitrogen,log_039,nh4n_mg_kg_1,spearman,-0.376,0.001
Addition,Control,log_039,N2ON_flux_ug_g_d,lm_r_squared,-0.276,0.326
Addition,Carbon,log_039,N2ON_flux_ug_g_d,lm_r_squared,-0.19,0.6
Addition,Nitrogen,log_039,N2ON_flux_ug_g_d,lm_r_squared,-0.145,0.502
Addition,Control,log_039,N2ON_flux_ug_g_d,pearson,-0.117,0.326
Addition,Carbon,log_039,N2ON_flux_ug_g_d,pearson,-0.063,0.6
Addition,Nitrogen,log_039,N2ON_flux_ug_g_d,pearson,-0.08,0.502
Addition,Control,log_039,N2ON_flux_ug_g_d,spearman,-0.278,0.018
Addition,Carbon,log_039,N2ON_flux_ug_g_d,spearman,-0.148,0.214
Addition,Nitrogen,log_039,N2ON_flux_ug_g_d,spearman,-0.371,0.001
Addition,Control,F1R2_log,net_min_rate_rel,lm_r_squared,-0.004,0.834
Addition,Carbon,F1R2_log,net_min_rate_rel,lm_r_squared,-0.016,0.37
Addition,Nitrogen,F1R2_log,net_min_rate_rel,lm_r_squared,0.002,0.91
Addition,Control,F1R2_log,net_min_rate_rel,pearson,-0.025,0.834
Addition,Carbon,F1R2_log,net_min_rate_rel,pearson,-0.107,0.37
Addition,Nitrogen,F1R2_log,net_min_rate_rel,pearson,0.014,0.91
Addition,Control,F1R2_log,net_min_rate_rel,spearman,0.218,0.066
Addition,Carbon,F1R2_log,net_min_rate_rel,spearman,0.071,0.55
Addition,Nitrogen,F1R2_log,net_min_rate_rel,spearman,0.089,0.458
Addition,Control,F1R2_log,net_min_rate_abs,lm_r_squared,-0.018,0.357
Addition,Carbon,F1R2_log,net_min_rate_abs,lm_r_squared,-0.031,0.069
Addition,Nitrogen,F1R2_log,net_min_rate_abs,lm_r_squared,-0.014,0.477
Addition,Control,F1R2_log,net_min_rate_abs,pearson,-0.11,0.357
Addition,Carbon,F1R2_log,net_min_rate_abs,pearson,-0.215,0.069
Addition,Nitrogen,F1R2_log,net_min_rate_abs,pearson,-0.085,0.477
Addition,Control,F1R2_log,net_min_rate_abs,spearman,0.046,0.699
Addition,Carbon,F1R2_log,net_min_rate_abs,spearman,-0.178,0.135
Addition,Nitrogen,F1R2_log,net_min_rate_abs,spearman,-0.036,0.765
Addition,Control,F1R2_log,net_nitr_rate_rel,lm_r_squared,0.013,0.622
Addition,Carbon,F1R2_log,net_nitr_rate_rel,lm_r_squared,-0.016,0.417
Addition,Nitrogen,F1R2_log,net_nitr_rate_rel,lm_r_squared,0.004,0.842
Addition,Control,F1R2_log,net_nitr_rate_rel,pearson,0.059,0.622
Addition,Carbon,F1R2_log,net_nitr_rate_rel,pearson,-0.097,0.417
Addition,Nitrogen,F1R2_log,net_nitr_rate_rel,pearson,0.024,0.842
Addition,Control,F1R2_log,net_nitr_rate_rel,spearman,0.261,0.027
Addition,Carbon,F1R2_log,net_nitr_rate_rel,spearman,0.073,0.543
Addition,Nitrogen,F1R2_log,net_nitr_rate_rel,spearman,0.059,0.622
Addition,Control,F1R2_log,net_nitr_rate_abs,lm_r_squared,-0.011,0.622
Addition,Carbon,F1R2_log,net_nitr_rate_abs,lm_r_squared,-0.03,0.09
Addition,Nitrogen,F1R2_log,net_nitr_rate_abs,lm_r_squared,-0.014,0.511
Addition,Control,F1R2_log,net_nitr_rate_abs,pearson,-0.059,0.622
Addition,Carbon,F1R2_log,net_nitr_rate_abs,pearson,-0.201,0.09
Addition,Nitrogen,F1R2_log,net_nitr_rate_abs,pearson,-0.079,0.511
Addition,Control,F1R2_log,net_nitr_rate_abs,spearman,0.096,0.421
Addition,Carbon,F1R2_log,net_nitr_rate_abs,spearman,-0.122,0.307
Addition,Nitrogen,F1R2_log,net_nitr_rate_abs,spearman,-0.058,0.629
Addition,Control,F1R2_log,no3n_mg_kg_1,lm_r_squared,0,0.756
Addition,Carbon,F1R2_log,no3n_mg_kg_1,lm_r_squared,-0.001,0.318
Addition,Nitrogen,F1R2_log,no3n_mg_kg_1,lm_r_squared,0.001,0.198
Addition,Control,F1R2_log,no3n_mg_kg_1,pearson,-0.037,0.756
Addition,Carbon,F1R2_log,no3n_mg_kg_1,pearson,-0.119,0.318
Addition,Nitrogen,F1R2_log,no3n_mg_kg_1,pearson,0.153,0.198
Addition,Control,F1R2_log,no3n_mg_kg_1,spearman,0.16,0.179
Addition,Carbon,F1R2_log,no3n_mg_kg_1,spearman,0.132,0.267
Addition,Nitrogen,F1R2_log,no3n_mg_kg_1,spearman,0.153,0.2
Addition,Control,F1R2_log,nh4n_mg_kg_1,lm_r_squared,-0.005,0.562
Addition,Carbon,F1R2_log,nh4n_mg_kg_1,lm_r_squared,-0.014,0.532
Addition,Nitrogen,F1R2_log,nh4n_mg_kg_1,lm_r_squared,-0.023,0.203
Addition,Control,F1R2_log,nh4n_mg_kg_1,pearson,-0.069,0.562
Addition,Carbon,F1R2_log,nh4n_mg_kg_1,pearson,-0.075,0.532
Addition,Nitrogen,F1R2_log,nh4n_mg_kg_1,pearson,-0.152,0.203
Addition,Control,F1R2_log,nh4n_mg_kg_1,spearman,-0.002,0.984
Addition,Carbon,F1R2_log,nh4n_mg_kg_1,spearman,-0.174,0.144
Addition,Nitrogen,F1R2_log,nh4n_mg_kg_1,spearman,-0.193,0.105
Addition,Control,F1R2_log,N2ON_flux_ug_g_d,lm_r_squared,-0.443,0.236
Addition,Carbon,F1R2_log,N2ON_flux_ug_g_d,lm_r_squared,-0.176,0.655
Addition,Nitrogen,F1R2_log,N2ON_flux_ug_g_d,lm_r_squared,-0.273,0.304
Addition,Control,F1R2_log,N2ON_flux_ug_g_d,pearson,-0.142,0.236
Addition,Carbon,F1R2_log,N2ON_flux_ug_g_d,pearson,-0.053,0.655
Addition,Nitrogen,F1R2_log,N2ON_flux_ug_g_d,pearson,-0.123,0.304
Addition,Control,F1R2_log,N2ON_flux_ug_g_d,spearman,-0.252,0.033
Addition,Carbon,F1R2_log,N2ON_flux_ug_g_d,spearman,0.067,0.577
Addition,Nitrogen,F1R2_log,N2ON_flux_ug_g_d,spearman,-0.254,0.032
Addition,Control,log_sum,net_min_rate_rel,lm_r_squared,0.008,0.502
Addition,Carbon,log_sum,net_min_rate_rel,lm_r_squared,-0.01,0.552
Addition,Nitrogen,log_sum,net_min_rate_rel,lm_r_squared,0.015,0.331
Addition,Control,log_sum,net_min_rate_rel,pearson,0.08,0.502
Addition,Carbon,log_sum,net_min_rate_rel,pearson,-0.071,0.552
Addition,Nitrogen,log_sum,net_min_rate_rel,pearson,0.116,0.331
Addition,Control,log_sum,net_min_rate_rel,spearman,0.239,0.043
Addition,Carbon,log_sum,net_min_rate_rel,spearman,0.112,0.347
Addition,Nitrogen,log_sum,net_min_rate_rel,spearman,0.255,0.031
Addition,Control,log_sum,net_min_rate_abs,lm_r_squared,-0.005,0.617
Addition,Carbon,log_sum,net_min_rate_abs,lm_r_squared,-0.024,0.11
Addition,Nitrogen,log_sum,net_min_rate_abs,lm_r_squared,0.001,0.937
Addition,Control,log_sum,net_min_rate_abs,pearson,-0.06,0.617
Addition,Carbon,log_sum,net_min_rate_abs,pearson,-0.19,0.11
Addition,Nitrogen,log_sum,net_min_rate_abs,pearson,0.01,0.937
Addition,Control,log_sum,net_min_rate_abs,spearman,-0.016,0.894
Addition,Carbon,log_sum,net_min_rate_abs,spearman,-0.159,0.182
Addition,Nitrogen,log_sum,net_min_rate_abs,spearman,0.045,0.706
Addition,Control,log_sum,net_nitr_rate_rel,lm_r_squared,0.005,0.711
Addition,Carbon,log_sum,net_nitr_rate_rel,lm_r_squared,-0.009,0.592
Addition,Nitrogen,log_sum,net_nitr_rate_rel,lm_r_squared,0.014,0.396
Addition,Control,log_sum,net_nitr_rate_rel,pearson,0.044,0.711
Addition,Carbon,log_sum,net_nitr_rate_rel,pearson,-0.064,0.592
Addition,Nitrogen,log_sum,net_nitr_rate_rel,pearson,0.102,0.396
Addition,Control,log_sum,net_nitr_rate_rel,spearman,0.171,0.151
Addition,Carbon,log_sum,net_nitr_rate_rel,spearman,0.115,0.334
Addition,Nitrogen,log_sum,net_nitr_rate_rel,spearman,0.182,0.125
Addition,Control,log_sum,net_nitr_rate_abs,lm_r_squared,-0.01,0.382
Addition,Carbon,log_sum,net_nitr_rate_abs,lm_r_squared,-0.023,0.132
Addition,Nitrogen,log_sum,net_nitr_rate_abs,lm_r_squared,0.001,0.964
Addition,Control,log_sum,net_nitr_rate_abs,pearson,-0.105,0.382
Addition,Carbon,log_sum,net_nitr_rate_abs,pearson,-0.179,0.132
Addition,Nitrogen,log_sum,net_nitr_rate_abs,pearson,0.005,0.964
Addition,Control,log_sum,net_nitr_rate_abs,spearman,-0.048,0.688
Addition,Carbon,log_sum,net_nitr_rate_abs,spearman,-0.11,0.357
Addition,Nitrogen,log_sum,net_nitr_rate_abs,spearman,-0.009,0.94
Addition,Control,log_sum,no3n_mg_kg_1,lm_r_squared,0,0.311
Addition,Carbon,log_sum,no3n_mg_kg_1,lm_r_squared,-0.002,0.048
Addition,Nitrogen,log_sum,no3n_mg_kg_1,lm_r_squared,0,0.74
Addition,Control,log_sum,no3n_mg_kg_1,pearson,-0.121,0.311
Addition,Carbon,log_sum,no3n_mg_kg_1,pearson,-0.234,0.048
Addition,Nitrogen,log_sum,no3n_mg_kg_1,pearson,0.04,0.74
Addition,Control,log_sum,no3n_mg_kg_1,spearman,-0.071,0.555
Addition,Carbon,log_sum,no3n_mg_kg_1,spearman,-0.077,0.522
Addition,Nitrogen,log_sum,no3n_mg_kg_1,spearman,-0.051,0.67
Addition,Control,log_sum,nh4n_mg_kg_1,lm_r_squared,0,0.92
Addition,Carbon,log_sum,nh4n_mg_kg_1,lm_r_squared,-0.016,0.399
Addition,Nitrogen,log_sum,nh4n_mg_kg_1,lm_r_squared,-0.02,0.165
Addition,Control,log_sum,nh4n_mg_kg_1,pearson,0.012,0.92
Addition,Carbon,log_sum,nh4n_mg_kg_1,pearson,-0.101,0.399
Addition,Nitrogen,log_sum,nh4n_mg_kg_1,pearson,-0.165,0.165
Addition,Control,log_sum,nh4n_mg_kg_1,spearman,-0.169,0.155
Addition,Carbon,log_sum,nh4n_mg_kg_1,spearman,-0.188,0.113
Addition,Nitrogen,log_sum,nh4n_mg_kg_1,spearman,-0.337,0.004
Addition,Control,log_sum,N2ON_flux_ug_g_d,lm_r_squared,-0.148,0.456
Addition,Carbon,log_sum,N2ON_flux_ug_g_d,lm_r_squared,-0.196,0.567
Addition,Nitrogen,log_sum,N2ON_flux_ug_g_d,lm_r_squared,-0.048,0.824
Addition,Control,log_sum,N2ON_flux_ug_g_d,pearson,-0.089,0.456
Addition,Carbon,log_sum,N2ON_flux_ug_g_d,pearson,-0.069,0.567
Addition,Nitrogen,log_sum,N2ON_flux_ug_g_d,pearson,-0.027,0.824
Addition,Control,log_sum,N2ON_flux_ug_g_d,spearman,-0.4,0.001
Addition,Carbon,log_sum,N2ON_flux_ug_g_d,spearman,-0.175,0.141
Addition,Nitrogen,log_sum,N2ON_flux_ug_g_d,spearman,-0.394,0.001
Addition,Control,log_norB.001,net_min_rate_rel,lm_r_squared,-0.008,0.794
Addition,Carbon,log_norB.001,net_min_rate_rel,lm_r_squared,-0.027,0.419
Addition,Nitrogen,log_norB.001,net_min_rate_rel,lm_r_squared,-0.007,0.842
Addition,Control,log_norB.001,net_min_rate_rel,pearson,-0.031,0.794
Addition,Carbon,log_norB.001,net_min_rate_rel,pearson,-0.097,0.419
Addition,Nitrogen,log_norB.001,net_min_rate_rel,pearson,-0.024,0.842
Addition,Control,log_norB.001,net_min_rate_rel,spearman,-0.012,0.92
Addition,Carbon,log_norB.001,net_min_rate_rel,spearman,-0.106,0.377
Addition,Nitrogen,log_norB.001,net_min_rate_rel,spearman,-0.067,0.575
Addition,Control,log_norB.001,net_min_rate_abs,lm_r_squared,-0.021,0.455
Addition,Carbon,log_norB.001,net_min_rate_abs,lm_r_squared,-0.045,0.148
Addition,Nitrogen,log_norB.001,net_min_rate_abs,lm_r_squared,-0.016,0.624
Addition,Control,log_norB.001,net_min_rate_abs,pearson,-0.089,0.455
Addition,Carbon,log_norB.001,net_min_rate_abs,pearson,-0.172,0.148
Addition,Nitrogen,log_norB.001,net_min_rate_abs,pearson,-0.059,0.624
Addition,Control,log_norB.001,net_min_rate_abs,spearman,-0.123,0.305
Addition,Carbon,log_norB.001,net_min_rate_abs,spearman,-0.153,0.199
Addition,Nitrogen,log_norB.001,net_min_rate_abs,spearman,-0.084,0.483
Addition,Control,log_norB.001,net_nitr_rate_rel,lm_r_squared,-0.008,0.84
Addition,Carbon,log_norB.001,net_nitr_rate_rel,lm_r_squared,-0.025,0.473
Addition,Nitrogen,log_norB.001,net_nitr_rate_rel,lm_r_squared,-0.008,0.826
Addition,Control,log_norB.001,net_nitr_rate_rel,pearson,-0.024,0.84
Addition,Carbon,log_norB.001,net_nitr_rate_rel,pearson,-0.086,0.473
Addition,Nitrogen,log_norB.001,net_nitr_rate_rel,pearson,-0.026,0.826
Addition,Control,log_norB.001,net_nitr_rate_rel,spearman,-0.03,0.806
Addition,Carbon,log_norB.001,net_nitr_rate_rel,spearman,-0.104,0.387
Addition,Nitrogen,log_norB.001,net_nitr_rate_rel,spearman,-0.112,0.35
Addition,Control,log_norB.001,net_nitr_rate_abs,lm_r_squared,-0.029,0.356
Addition,Carbon,log_norB.001,net_nitr_rate_abs,lm_r_squared,-0.044,0.171
Addition,Nitrogen,log_norB.001,net_nitr_rate_abs,lm_r_squared,-0.017,0.617
Addition,Control,log_norB.001,net_nitr_rate_abs,pearson,-0.11,0.356
Addition,Carbon,log_norB.001,net_nitr_rate_abs,pearson,-0.163,0.171
Addition,Nitrogen,log_norB.001,net_nitr_rate_abs,pearson,-0.06,0.617
Addition,Control,log_norB.001,net_nitr_rate_abs,spearman,-0.113,0.344
Addition,Carbon,log_norB.001,net_nitr_rate_abs,spearman,-0.144,0.228
Addition,Nitrogen,log_norB.001,net_nitr_rate_abs,spearman,-0.12,0.313
Addition,Control,log_norB.001,no3n_mg_kg_1,lm_r_squared,-0.002,0.106
Addition,Carbon,log_norB.001,no3n_mg_kg_1,lm_r_squared,-0.003,0.096
Addition,Nitrogen,log_norB.001,no3n_mg_kg_1,lm_r_squared,0,0.786
Addition,Control,log_norB.001,no3n_mg_kg_1,pearson,-0.192,0.106
Addition,Carbon,log_norB.001,no3n_mg_kg_1,pearson,-0.197,0.096
Addition,Nitrogen,log_norB.001,no3n_mg_kg_1,pearson,0.033,0.786
Addition,Control,log_norB.001,no3n_mg_kg_1,spearman,-0.08,0.503
Addition,Carbon,log_norB.001,no3n_mg_kg_1,spearman,-0.083,0.487
Addition,Nitrogen,log_norB.001,no3n_mg_kg_1,spearman,-0.045,0.707
Addition,Control,log_norB.001,nh4n_mg_kg_1,lm_r_squared,0.005,0.721
Addition,Carbon,log_norB.001,nh4n_mg_kg_1,lm_r_squared,-0.006,0.886
Addition,Nitrogen,log_norB.001,nh4n_mg_kg_1,lm_r_squared,-0.034,0.26
Addition,Control,log_norB.001,nh4n_mg_kg_1,pearson,0.043,0.721
Addition,Carbon,log_norB.001,nh4n_mg_kg_1,pearson,-0.017,0.886
Addition,Nitrogen,log_norB.001,nh4n_mg_kg_1,pearson,-0.134,0.26
Addition,Control,log_norB.001,nh4n_mg_kg_1,spearman,0.042,0.725
Addition,Carbon,log_norB.001,nh4n_mg_kg_1,spearman,-0.003,0.981
Addition,Nitrogen,log_norB.001,nh4n_mg_kg_1,spearman,-0.145,0.223
Addition,Control,log_norB.001,N2ON_flux_ug_g_d,lm_r_squared,-0.47,0.39
Addition,Carbon,log_norB.001,N2ON_flux_ug_g_d,lm_r_squared,-0.175,0.804
Addition,Nitrogen,log_norB.001,N2ON_flux_ug_g_d,lm_r_squared,-0.262,0.553
Addition,Control,log_norB.001,N2ON_flux_ug_g_d,pearson,-0.103,0.39
Addition,Carbon,log_norB.001,N2ON_flux_ug_g_d,pearson,-0.03,0.804
Addition,Nitrogen,log_norB.001,N2ON_flux_ug_g_d,pearson,-0.071,0.553
Addition,Control,log_norB.001,N2ON_flux_ug_g_d,spearman,-0.342,0.003
Addition,Carbon,log_norB.001,N2ON_flux_ug_g_d,spearman,-0.054,0.654
Addition,Nitrogen,log_norB.001,N2ON_flux_ug_g_d,spearman,-0.298,0.011
Addition,Control,log_norB.006,net_min_rate_rel,lm_r_squared,0.017,0.69
Addition,Carbon,log_norB.006,net_min_rate_rel,lm_r_squared,0.017,0.691
Addition,Nitrogen,log_norB.006,net_min_rate_rel,lm_r_squared,0.027,0.511
Addition,Control,log_norB.006,net_min_rate_rel,pearson,0.048,0.69
Addition,Carbon,log_norB.006,net_min_rate_rel,pearson,0.048,0.691
Addition,Nitrogen,log_norB.006,net_min_rate_rel,pearson,0.079,0.511
Addition,Control,log_norB.006,net_min_rate_rel,spearman,0.291,0.013
Addition,Carbon,log_norB.006,net_min_rate_rel,spearman,0.283,0.016
Addition,Nitrogen,log_norB.006,net_min_rate_rel,spearman,0.118,0.322
Addition,Control,log_norB.006,net_min_rate_abs,lm_r_squared,-0.03,0.433
Addition,Carbon,log_norB.006,net_min_rate_abs,lm_r_squared,-0.033,0.395
Addition,Nitrogen,log_norB.006,net_min_rate_abs,lm_r_squared,-0.002,0.966
Addition,Control,log_norB.006,net_min_rate_abs,pearson,-0.094,0.433
Addition,Carbon,log_norB.006,net_min_rate_abs,pearson,-0.102,0.395
Addition,Nitrogen,log_norB.006,net_min_rate_abs,pearson,-0.005,0.966
Addition,Control,log_norB.006,net_min_rate_abs,spearman,0.006,0.959
Addition,Carbon,log_norB.006,net_min_rate_abs,spearman,0.019,0.872
Addition,Nitrogen,log_norB.006,net_min_rate_abs,spearman,-0.077,0.519
Addition,Control,log_norB.006,net_nitr_rate_rel,lm_r_squared,0.014,0.781
Addition,Carbon,log_norB.006,net_nitr_rate_rel,lm_r_squared,0.014,0.749
Addition,Nitrogen,log_norB.006,net_nitr_rate_rel,lm_r_squared,0.012,0.787
Addition,Control,log_norB.006,net_nitr_rate_rel,pearson,0.033,0.781
Addition,Carbon,log_norB.006,net_nitr_rate_rel,pearson,0.038,0.749
Addition,Nitrogen,log_norB.006,net_nitr_rate_rel,pearson,0.032,0.787
Addition,Control,log_norB.006,net_nitr_rate_rel,spearman,0.248,0.036
Addition,Carbon,log_norB.006,net_nitr_rate_rel,spearman,0.281,0.017
Addition,Nitrogen,log_norB.006,net_nitr_rate_rel,spearman,0.045,0.705
Addition,Control,log_norB.006,net_nitr_rate_abs,lm_r_squared,-0.042,0.336
Addition,Carbon,log_norB.006,net_nitr_rate_abs,lm_r_squared,-0.035,0.391
Addition,Nitrogen,log_norB.006,net_nitr_rate_abs,lm_r_squared,-0.012,0.794
Addition,Control,log_norB.006,net_nitr_rate_abs,pearson,-0.115,0.336
Addition,Carbon,log_norB.006,net_nitr_rate_abs,pearson,-0.103,0.391
Addition,Nitrogen,log_norB.006,net_nitr_rate_abs,pearson,-0.031,0.794
Addition,Control,log_norB.006,net_nitr_rate_abs,spearman,0.02,0.869
Addition,Carbon,log_norB.006,net_nitr_rate_abs,spearman,0.077,0.521
Addition,Nitrogen,log_norB.006,net_nitr_rate_abs,spearman,-0.124,0.299
Addition,Control,log_norB.006,no3n_mg_kg_1,lm_r_squared,-0.003,0.076
Addition,Carbon,log_norB.006,no3n_mg_kg_1,lm_r_squared,-0.006,0.021
Addition,Nitrogen,log_norB.006,no3n_mg_kg_1,lm_r_squared,0,0.966
Addition,Control,log_norB.006,no3n_mg_kg_1,pearson,-0.211,0.076
Addition,Carbon,log_norB.006,no3n_mg_kg_1,pearson,-0.271,0.021
Addition,Nitrogen,log_norB.006,no3n_mg_kg_1,pearson,0.005,0.966
Addition,Control,log_norB.006,no3n_mg_kg_1,spearman,-0.05,0.676
Addition,Carbon,log_norB.006,no3n_mg_kg_1,spearman,0.015,0.898
Addition,Nitrogen,log_norB.006,no3n_mg_kg_1,spearman,-0.046,0.7
Addition,Control,log_norB.006,nh4n_mg_kg_1,lm_r_squared,-0.014,0.44
Addition,Carbon,log_norB.006,nh4n_mg_kg_1,lm_r_squared,-0.074,0.143
Addition,Nitrogen,log_norB.006,nh4n_mg_kg_1,lm_r_squared,-0.096,0.009
Addition,Control,log_norB.006,nh4n_mg_kg_1,pearson,-0.092,0.44
Addition,Carbon,log_norB.006,nh4n_mg_kg_1,pearson,-0.174,0.143
Addition,Nitrogen,log_norB.006,nh4n_mg_kg_1,pearson,-0.304,0.009
Addition,Control,log_norB.006,nh4n_mg_kg_1,spearman,-0.289,0.014
Addition,Carbon,log_norB.006,nh4n_mg_kg_1,spearman,-0.404,0
Addition,Nitrogen,log_norB.006,nh4n_mg_kg_1,spearman,-0.465,0
Addition,Control,log_norB.006,N2ON_flux_ug_g_d,lm_r_squared,-0.585,0.439
Addition,Carbon,log_norB.006,N2ON_flux_ug_g_d,lm_r_squared,-0.858,0.335
Addition,Nitrogen,log_norB.006,N2ON_flux_ug_g_d,lm_r_squared,-0.631,0.258
Addition,Control,log_norB.006,N2ON_flux_ug_g_d,pearson,-0.093,0.439
Addition,Carbon,log_norB.006,N2ON_flux_ug_g_d,pearson,-0.115,0.335
Addition,Nitrogen,log_norB.006,N2ON_flux_ug_g_d,pearson,-0.135,0.258
Addition,Control,log_norB.006,N2ON_flux_ug_g_d,spearman,-0.288,0.014
Addition,Carbon,log_norB.006,N2ON_flux_ug_g_d,spearman,-0.154,0.196
Addition,Nitrogen,log_norB.006,N2ON_flux_ug_g_d,spearman,-0.406,0
Addition,Control,log_cnorB,net_min_rate_rel,lm_r_squared,-0.023,0.402
Addition,Carbon,log_cnorB,net_min_rate_rel,lm_r_squared,-0.034,0.259
Addition,Nitrogen,log_cnorB,net_min_rate_rel,lm_r_squared,0.007,0.801
Addition,Control,log_cnorB,net_min_rate_rel,pearson,-0.1,0.402
Addition,Carbon,log_cnorB,net_min_rate_rel,pearson,-0.135,0.259
Addition,Nitrogen,log_cnorB,net_min_rate_rel,pearson,0.03,0.801
Addition,Control,log_cnorB,net_min_rate_rel,spearman,-0.014,0.906
Addition,Carbon,log_cnorB,net_min_rate_rel,spearman,-0.062,0.606
Addition,Nitrogen,log_cnorB,net_min_rate_rel,spearman,0.092,0.44
Addition,Control,log_cnorB,net_min_rate_abs,lm_r_squared,-0.036,0.141
Addition,Carbon,log_cnorB,net_min_rate_abs,lm_r_squared,-0.054,0.054
Addition,Nitrogen,log_cnorB,net_min_rate_abs,lm_r_squared,-0.01,0.713
Addition,Control,log_cnorB,net_min_rate_abs,pearson,-0.175,0.141
Addition,Carbon,log_cnorB,net_min_rate_abs,pearson,-0.228,0.054
Addition,Nitrogen,log_cnorB,net_min_rate_abs,pearson,-0.044,0.713
Addition,Control,log_cnorB,net_min_rate_abs,spearman,-0.14,0.24
Addition,Carbon,log_cnorB,net_min_rate_abs,spearman,-0.166,0.164
Addition,Nitrogen,log_cnorB,net_min_rate_abs,spearman,0.012,0.92
Addition,Control,log_cnorB,net_nitr_rate_rel,lm_r_squared,-0.033,0.321
Addition,Carbon,log_cnorB,net_nitr_rate_rel,lm_r_squared,-0.034,0.284
Addition,Nitrogen,log_cnorB,net_nitr_rate_rel,lm_r_squared,0.008,0.794
Addition,Control,log_cnorB,net_nitr_rate_rel,pearson,-0.119,0.321
Addition,Carbon,log_cnorB,net_nitr_rate_rel,pearson,-0.128,0.284
Addition,Nitrogen,log_cnorB,net_nitr_rate_rel,pearson,0.031,0.794
Addition,Control,log_cnorB,net_nitr_rate_rel,spearman,-0.058,0.628
Addition,Carbon,log_cnorB,net_nitr_rate_rel,spearman,-0.056,0.641
Addition,Nitrogen,log_cnorB,net_nitr_rate_rel,spearman,0.034,0.779
Addition,Control,log_cnorB,net_nitr_rate_abs,lm_r_squared,-0.05,0.069
Addition,Carbon,log_cnorB,net_nitr_rate_abs,lm_r_squared,-0.054,0.063
Addition,Nitrogen,log_cnorB,net_nitr_rate_abs,lm_r_squared,-0.011,0.711
Addition,Control,log_cnorB,net_nitr_rate_abs,pearson,-0.216,0.069
Addition,Carbon,log_cnorB,net_nitr_rate_abs,pearson,-0.22,0.063
Addition,Nitrogen,log_cnorB,net_nitr_rate_abs,pearson,-0.044,0.711
Addition,Control,log_cnorB,net_nitr_rate_abs,spearman,-0.158,0.186
Addition,Carbon,log_cnorB,net_nitr_rate_abs,spearman,-0.138,0.246
Addition,Nitrogen,log_cnorB,net_nitr_rate_abs,spearman,-0.035,0.77
Addition,Control,log_cnorB,no3n_mg_kg_1,lm_r_squared,-0.003,0.03
Addition,Carbon,log_cnorB,no3n_mg_kg_1,lm_r_squared,-0.004,0.056
Addition,Nitrogen,log_cnorB,no3n_mg_kg_1,lm_r_squared,0,0.805
Addition,Control,log_cnorB,no3n_mg_kg_1,pearson,-0.257,0.03
Addition,Carbon,log_cnorB,no3n_mg_kg_1,pearson,-0.226,0.056
Addition,Nitrogen,log_cnorB,no3n_mg_kg_1,pearson,-0.03,0.805
Addition,Control,log_cnorB,no3n_mg_kg_1,spearman,-0.148,0.216
Addition,Carbon,log_cnorB,no3n_mg_kg_1,spearman,-0.065,0.589
Addition,Nitrogen,log_cnorB,no3n_mg_kg_1,spearman,-0.11,0.355
Addition,Control,log_cnorB,nh4n_mg_kg_1,lm_r_squared,0.006,0.625
Addition,Carbon,log_cnorB,nh4n_mg_kg_1,lm_r_squared,-0.009,0.812
Addition,Nitrogen,log_cnorB,nh4n_mg_kg_1,lm_r_squared,-0.022,0.401
Addition,Control,log_cnorB,nh4n_mg_kg_1,pearson,0.059,0.625
Addition,Carbon,log_cnorB,nh4n_mg_kg_1,pearson,-0.028,0.812
Addition,Nitrogen,log_cnorB,nh4n_mg_kg_1,pearson,-0.1,0.401
Addition,Control,log_cnorB,nh4n_mg_kg_1,spearman,0.009,0.937
Addition,Carbon,log_cnorB,nh4n_mg_kg_1,spearman,-0.032,0.791
Addition,Nitrogen,log_cnorB,nh4n_mg_kg_1,spearman,-0.137,0.25
Addition,Control,log_cnorB,N2ON_flux_ug_g_d,lm_r_squared,-0.106,0.828
Addition,Carbon,log_cnorB,N2ON_flux_ug_g_d,lm_r_squared,-0.221,0.73
Addition,Nitrogen,log_cnorB,N2ON_flux_ug_g_d,lm_r_squared,0.069,0.86
Addition,Control,log_cnorB,N2ON_flux_ug_g_d,pearson,-0.026,0.828
Addition,Carbon,log_cnorB,N2ON_flux_ug_g_d,pearson,-0.041,0.73
Addition,Nitrogen,log_cnorB,N2ON_flux_ug_g_d,pearson,0.021,0.86
Addition,Control,log_cnorB,N2ON_flux_ug_g_d,spearman,-0.283,0.016
Addition,Carbon,log_cnorB,N2ON_flux_ug_g_d,spearman,-0.04,0.74
Addition,Nitrogen,log_cnorB,N2ON_flux_ug_g_d,spearman,-0.331,0.005
Addition,Control,log_norb_sum,net_min_rate_rel,lm_r_squared,0.003,0.932
Addition,Carbon,log_norb_sum,net_min_rate_rel,lm_r_squared,-0.001,0.988
Addition,Nitrogen,log_norb_sum,net_min_rate_rel,lm_r_squared,0.011,0.758
Addition,Control,log_norb_sum,net_min_rate_rel,pearson,0.01,0.932
Addition,Carbon,log_norb_sum,net_min_rate_rel,pearson,-0.002,0.988
Addition,Nitrogen,log_norb_sum,net_min_rate_rel,pearson,0.037,0.758
Addition,Control,log_norb_sum,net_min_rate_rel,spearman,0.245,0.039
Addition,Carbon,log_norb_sum,net_min_rate_rel,spearman,0.181,0.127
Addition,Nitrogen,log_norb_sum,net_min_rate_rel,spearman,0.047,0.693
Addition,Control,log_norb_sum,net_min_rate_abs,lm_r_squared,-0.032,0.311
Addition,Carbon,log_norb_sum,net_min_rate_abs,lm_r_squared,-0.039,0.258
Addition,Nitrogen,log_norb_sum,net_min_rate_abs,lm_r_squared,-0.011,0.751
Addition,Control,log_norb_sum,net_min_rate_abs,pearson,-0.121,0.311
Addition,Carbon,log_norb_sum,net_min_rate_abs,pearson,-0.135,0.258
Addition,Nitrogen,log_norb_sum,net_min_rate_abs,pearson,-0.038,0.751
Addition,Control,log_norb_sum,net_min_rate_abs,spearman,-0.021,0.861
Addition,Carbon,log_norb_sum,net_min_rate_abs,spearman,-0.045,0.709
Addition,Nitrogen,log_norb_sum,net_min_rate_abs,spearman,-0.129,0.28
Addition,Control,log_norb_sum,net_nitr_rate_rel,lm_r_squared,0.002,0.953
Addition,Carbon,log_norb_sum,net_nitr_rate_rel,lm_r_squared,-0.001,0.98
Addition,Nitrogen,log_norb_sum,net_nitr_rate_rel,lm_r_squared,0.001,0.978
Addition,Control,log_norb_sum,net_nitr_rate_rel,pearson,0.007,0.953
Addition,Carbon,log_norb_sum,net_nitr_rate_rel,pearson,-0.003,0.98
Addition,Nitrogen,log_norb_sum,net_nitr_rate_rel,pearson,0.003,0.978
Addition,Control,log_norb_sum,net_nitr_rate_rel,spearman,0.214,0.071
Addition,Carbon,log_norb_sum,net_nitr_rate_rel,spearman,0.182,0.127
Addition,Nitrogen,log_norb_sum,net_nitr_rate_rel,spearman,-0.02,0.871
Addition,Control,log_norb_sum,net_nitr_rate_abs,lm_r_squared,-0.042,0.24
Addition,Carbon,log_norb_sum,net_nitr_rate_abs,lm_r_squared,-0.039,0.274
Addition,Nitrogen,log_norb_sum,net_nitr_rate_abs,lm_r_squared,-0.018,0.637
Addition,Control,log_norb_sum,net_nitr_rate_abs,pearson,-0.14,0.24
Addition,Carbon,log_norb_sum,net_nitr_rate_abs,pearson,-0.131,0.274
Addition,Nitrogen,log_norb_sum,net_nitr_rate_abs,pearson,-0.057,0.637
Addition,Control,log_norb_sum,net_nitr_rate_abs,spearman,0.002,0.984
Addition,Carbon,log_norb_sum,net_nitr_rate_abs,spearman,0.013,0.914
Addition,Nitrogen,log_norb_sum,net_nitr_rate_abs,spearman,-0.172,0.148
Addition,Control,log_norb_sum,no3n_mg_kg_1,lm_r_squared,-0.003,0.042
Addition,Carbon,log_norb_sum,no3n_mg_kg_1,lm_r_squared,-0.005,0.03
Addition,Nitrogen,log_norb_sum,no3n_mg_kg_1,lm_r_squared,0,0.946
Addition,Control,log_norb_sum,no3n_mg_kg_1,pearson,-0.241,0.042
Addition,Carbon,log_norb_sum,no3n_mg_kg_1,pearson,-0.256,0.03
Addition,Nitrogen,log_norb_sum,no3n_mg_kg_1,pearson,0.008,0.946
Addition,Control,log_norb_sum,no3n_mg_kg_1,spearman,-0.054,0.655
Addition,Carbon,log_norb_sum,no3n_mg_kg_1,spearman,-0.006,0.961
Addition,Nitrogen,log_norb_sum,no3n_mg_kg_1,spearman,-0.051,0.668
Addition,Control,log_norb_sum,nh4n_mg_kg_1,lm_r_squared,-0.007,0.618
Addition,Carbon,log_norb_sum,nh4n_mg_kg_1,lm_r_squared,-0.051,0.246
Addition,Nitrogen,log_norb_sum,nh4n_mg_kg_1,lm_r_squared,-0.073,0.021
Addition,Control,log_norb_sum,nh4n_mg_kg_1,pearson,-0.06,0.618
Addition,Carbon,log_norb_sum,nh4n_mg_kg_1,pearson,-0.138,0.246
Addition,Nitrogen,log_norb_sum,nh4n_mg_kg_1,pearson,-0.271,0.021
Addition,Control,log_norb_sum,nh4n_mg_kg_1,spearman,-0.218,0.066
Addition,Carbon,log_norb_sum,nh4n_mg_kg_1,spearman,-0.323,0.006
Addition,Nitrogen,log_norb_sum,nh4n_mg_kg_1,spearman,-0.412,0
Addition,Control,log_norb_sum,N2ON_flux_ug_g_d,lm_r_squared,-0.546,0.38
Addition,Carbon,log_norb_sum,N2ON_flux_ug_g_d,lm_r_squared,-0.511,0.512
Addition,Nitrogen,log_norb_sum,N2ON_flux_ug_g_d,lm_r_squared,-0.408,0.394
Addition,Control,log_norb_sum,N2ON_flux_ug_g_d,pearson,-0.105,0.38
Addition,Carbon,log_norb_sum,N2ON_flux_ug_g_d,pearson,-0.079,0.512
Addition,Nitrogen,log_norb_sum,N2ON_flux_ug_g_d,pearson,-0.102,0.394
Addition,Control,log_norb_sum,N2ON_flux_ug_g_d,spearman,-0.319,0.007
Addition,Carbon,log_norb_sum,N2ON_flux_ug_g_d,spearman,-0.148,0.213
Addition,Nitrogen,log_norb_sum,N2ON_flux_ug_g_d,spearman,-0.384,0.001
