Crop,level,name,value
Corn,Carbon 0N,CO2_flux_ug_g_d_mean,12.59906162528
Corn,Carbon 0N,CO2_flux_ug_g_d_sd,5.10589577039122
Corn,Carbon 0N,cum_CO2_flux_ug_g_mean,2794.22433649365
Corn,Carbon 0N,cum_CO2_flux_ug_g_sd,984.16081334748
Corn,Carbon 112N,CO2_flux_ug_g_d_mean,13.239891733115
Corn,Carbon 112N,CO2_flux_ug_g_d_sd,4.11823813905989
Corn,Carbon 112N,cum_CO2_flux_ug_g_mean,2629.94761266085
Corn,Carbon 112N,cum_CO2_flux_ug_g_sd,820.215455197755
Corn,Carbon 336N,CO2_flux_ug_g_d_mean,13.3167493095257
Corn,Carbon 336N,CO2_flux_ug_g_d_sd,6.28901648043824
Corn,Carbon 336N,cum_CO2_flux_ug_g_mean,2661.54812854792
Corn,Carbon 336N,cum_CO2_flux_ug_g_sd,1194.42316014837
Corn,Control 0N,CO2_flux_ug_g_d_mean,11.8067258647065
Corn,Control 0N,CO2_flux_ug_g_d_sd,5.34662964187698
Corn,Control 0N,cum_CO2_flux_ug_g_mean,2474.50807516403
Corn,Control 0N,cum_CO2_flux_ug_g_sd,762.20401660728
Corn,Control 112N,CO2_flux_ug_g_d_mean,11.4500624468502
Corn,Control 112N,CO2_flux_ug_g_d_sd,3.36504237969475
Corn,Control 112N,cum_CO2_flux_ug_g_mean,2326.38410130007
Corn,Control 112N,cum_CO2_flux_ug_g_sd,743.632643896191
Corn,Control 336N,CO2_flux_ug_g_d_mean,11.3954035319896
Corn,Control 336N,CO2_flux_ug_g_d_sd,5.68592706599731
Corn,Control 336N,cum_CO2_flux_ug_g_mean,2195.8843723165
Corn,Control 336N,cum_CO2_flux_ug_g_sd,1052.65748738293
Corn,Nitrogen 0N,CO2_flux_ug_g_d_mean,11.077223014378
Corn,Nitrogen 0N,CO2_flux_ug_g_d_sd,5.38260716251062
Corn,Nitrogen 0N,cum_CO2_flux_ug_g_mean,2479.20957690563
Corn,Nitrogen 0N,cum_CO2_flux_ug_g_sd,1069.59039105761
Corn,Nitrogen 112N,CO2_flux_ug_g_d_mean,9.51485622871529
Corn,Nitrogen 112N,CO2_flux_ug_g_d_sd,5.33187906158069
Corn,Nitrogen 112N,cum_CO2_flux_ug_g_mean,1904.84532426165
Corn,Nitrogen 112N,cum_CO2_flux_ug_g_sd,872.445464361614
Corn,Nitrogen 336N,CO2_flux_ug_g_d_mean,10.5200301169983
Corn,Nitrogen 336N,CO2_flux_ug_g_d_sd,4.45918775332285
Corn,Nitrogen 336N,cum_CO2_flux_ug_g_mean,2087.80453744529
Corn,Nitrogen 336N,cum_CO2_flux_ug_g_sd,1022.35844705782
Miscanthus,Carbon 0N,CO2_flux_ug_g_d_mean,17.7030758695926
Miscanthus,Carbon 0N,CO2_flux_ug_g_d_sd,8.54172190489953
Miscanthus,Carbon 0N,cum_CO2_flux_ug_g_mean,3509.32430027745
Miscanthus,Carbon 0N,cum_CO2_flux_ug_g_sd,1378.68649630024
Miscanthus,Carbon 112N,CO2_flux_ug_g_d_mean,14.3870862447768
Miscanthus,Carbon 112N,CO2_flux_ug_g_d_sd,5.34979767374922
Miscanthus,Carbon 112N,cum_CO2_flux_ug_g_mean,2871.15995216808
Miscanthus,Carbon 112N,cum_CO2_flux_ug_g_sd,1302.66251194347
Miscanthus,Carbon 336N,CO2_flux_ug_g_d_mean,15.5613519437098
Miscanthus,Carbon 336N,CO2_flux_ug_g_d_sd,6.93982083200011
Miscanthus,Carbon 336N,cum_CO2_flux_ug_g_mean,2681.41937058419
Miscanthus,Carbon 336N,cum_CO2_flux_ug_g_sd,1312.01754626833
Miscanthus,Control 0N,CO2_flux_ug_g_d_mean,16.3627028579708
Miscanthus,Control 0N,CO2_flux_ug_g_d_sd,7.4834760022196
Miscanthus,Control 0N,cum_CO2_flux_ug_g_mean,3221.08758129083
Miscanthus,Control 0N,cum_CO2_flux_ug_g_sd,1244.20417632434
Miscanthus,Control 112N,CO2_flux_ug_g_d_mean,14.2366822756476
Miscanthus,Control 112N,CO2_flux_ug_g_d_sd,6.34505082267736
Miscanthus,Control 112N,cum_CO2_flux_ug_g_mean,2635.28662909428
Miscanthus,Control 112N,cum_CO2_flux_ug_g_sd,1250.12446910767
Miscanthus,Control 336N,CO2_flux_ug_g_d_mean,13.9754318899407
Miscanthus,Control 336N,CO2_flux_ug_g_d_sd,7.55112212625548
Miscanthus,Control 336N,cum_CO2_flux_ug_g_mean,2680.45233551527
Miscanthus,Control 336N,cum_CO2_flux_ug_g_sd,1686.23391520977
Miscanthus,Nitrogen 0N,CO2_flux_ug_g_d_mean,17.3097448241944
Miscanthus,Nitrogen 0N,CO2_flux_ug_g_d_sd,5.99587212746092
Miscanthus,Nitrogen 0N,cum_CO2_flux_ug_g_mean,3218.102237751
Miscanthus,Nitrogen 0N,cum_CO2_flux_ug_g_sd,1209.61802827081
Miscanthus,Nitrogen 112N,CO2_flux_ug_g_d_mean,13.7387442242553
Miscanthus,Nitrogen 112N,CO2_flux_ug_g_d_sd,5.76591937721833
Miscanthus,Nitrogen 112N,cum_CO2_flux_ug_g_mean,2407.963776938
Miscanthus,Nitrogen 112N,cum_CO2_flux_ug_g_sd,1270.78712390261
Miscanthus,Nitrogen 336N,CO2_flux_ug_g_d_mean,14.0104127818494
Miscanthus,Nitrogen 336N,CO2_flux_ug_g_d_sd,8.13221934041009
Miscanthus,Nitrogen 336N,cum_CO2_flux_ug_g_mean,2428.29202123094
Miscanthus,Nitrogen 336N,cum_CO2_flux_ug_g_sd,1533.74681579643
Corn,Carbon 0N,N2ON_flux_ug_g_d_mean,0.0021731555
Corn,Carbon 0N,N2ON_flux_ug_g_d_sd,0.00444603743889189
Corn,Carbon 0N,cum_N2O_flux_ug_g_mean,-1.389012335
Corn,Carbon 0N,cum_N2O_flux_ug_g_sd,3.77260950072607
Corn,Carbon 112N,N2ON_flux_ug_g_d_mean,0.022632235
Corn,Carbon 112N,N2ON_flux_ug_g_d_sd,0.0443552841046357
Corn,Carbon 112N,cum_N2O_flux_ug_g_mean,2.704893943
Corn,Carbon 112N,cum_N2O_flux_ug_g_sd,4.79043792546569
Corn,Carbon 336N,N2ON_flux_ug_g_d_mean,0.00803338225
Corn,Carbon 336N,N2ON_flux_ug_g_d_sd,0.0163520599745413
Corn,Carbon 336N,cum_N2O_flux_ug_g_mean,1.749877257
Corn,Carbon 336N,cum_N2O_flux_ug_g_sd,2.87120609779153
Corn,Control 0N,N2ON_flux_ug_g_d_mean,-6.463175e-05
Corn,Control 0N,N2ON_flux_ug_g_d_sd,0.000367825079580295
Corn,Control 0N,cum_N2O_flux_ug_g_mean,-0.03094629625
Corn,Control 0N,cum_N2O_flux_ug_g_sd,0.550746834155348
Corn,Control 112N,N2ON_flux_ug_g_d_mean,0.0406166365
Corn,Control 112N,N2ON_flux_ug_g_d_sd,0.0668658776731468
Corn,Control 112N,cum_N2O_flux_ug_g_mean,4.30710134625
Corn,Control 112N,cum_N2O_flux_ug_g_sd,6.01010687669742
Corn,Control 336N,N2ON_flux_ug_g_d_mean,0.071167906
Corn,Control 336N,N2ON_flux_ug_g_d_sd,0.127958251494347
Corn,Control 336N,cum_N2O_flux_ug_g_mean,9.78029762825
Corn,Control 336N,cum_N2O_flux_ug_g_sd,17.4232605546717
Corn,Nitrogen 0N,N2ON_flux_ug_g_d_mean,0.00706614
Corn,Nitrogen 0N,N2ON_flux_ug_g_d_sd,0.013706729372556
Corn,Nitrogen 0N,cum_N2O_flux_ug_g_mean,2.7110776875
Corn,Nitrogen 0N,cum_N2O_flux_ug_g_sd,3.4478167648625
Corn,Nitrogen 112N,N2ON_flux_ug_g_d_mean,0.01717569125
Corn,Nitrogen 112N,N2ON_flux_ug_g_d_sd,0.0349242963514288
Corn,Nitrogen 112N,cum_N2O_flux_ug_g_mean,2.85096851425
Corn,Nitrogen 112N,cum_N2O_flux_ug_g_sd,3.18163895797232
Corn,Nitrogen 336N,N2ON_flux_ug_g_d_mean,0.0294166305
Corn,Nitrogen 336N,N2ON_flux_ug_g_d_sd,0.059239656723061
Corn,Nitrogen 336N,cum_N2O_flux_ug_g_mean,2.8601406305
Corn,Nitrogen 336N,cum_N2O_flux_ug_g_sd,5.26753214645316
Miscanthus,Carbon 0N,N2ON_flux_ug_g_d_mean,0.0103389015
Miscanthus,Carbon 0N,N2ON_flux_ug_g_d_sd,0.0282442336522631
Miscanthus,Carbon 0N,cum_N2O_flux_ug_g_mean,1.4009636895
Miscanthus,Carbon 0N,cum_N2O_flux_ug_g_sd,2.37560629092682
Miscanthus,Carbon 112N,N2ON_flux_ug_g_d_mean,-0.0049000675
Miscanthus,Carbon 112N,N2ON_flux_ug_g_d_sd,0.0106562673981752
Miscanthus,Carbon 112N,cum_N2O_flux_ug_g_mean,0.27504842675
Miscanthus,Carbon 112N,cum_N2O_flux_ug_g_sd,0.364475713455574
Miscanthus,Carbon 336N,N2ON_flux_ug_g_d_mean,0.07911247275
Miscanthus,Carbon 336N,N2ON_flux_ug_g_d_sd,0.14225009528532
Miscanthus,Carbon 336N,cum_N2O_flux_ug_g_mean,20.435949806
Miscanthus,Carbon 336N,cum_N2O_flux_ug_g_sd,32.2173766338383
Miscanthus,Control 0N,N2ON_flux_ug_g_d_mean,0.01715502175
Miscanthus,Control 0N,N2ON_flux_ug_g_d_sd,0.0296322342503391
Miscanthus,Control 0N,cum_N2O_flux_ug_g_mean,2.1397900025
Miscanthus,Control 0N,cum_N2O_flux_ug_g_sd,3.43776684482924
Miscanthus,Control 112N,N2ON_flux_ug_g_d_mean,-0.0010594705
Miscanthus,Control 112N,N2ON_flux_ug_g_d_sd,0.00625809447322306
Miscanthus,Control 112N,cum_N2O_flux_ug_g_mean,6.381366545
Miscanthus,Control 112N,cum_N2O_flux_ug_g_sd,12.9007147730765
Miscanthus,Control 336N,N2ON_flux_ug_g_d_mean,0.1565757845
Miscanthus,Control 336N,N2ON_flux_ug_g_d_sd,0.20827649179311
Miscanthus,Control 336N,cum_N2O_flux_ug_g_mean,23.5335558495
Miscanthus,Control 336N,cum_N2O_flux_ug_g_sd,29.5913946640228
Miscanthus,Nitrogen 0N,N2ON_flux_ug_g_d_mean,0.00385585825
Miscanthus,Nitrogen 0N,N2ON_flux_ug_g_d_sd,0.0088820108602157
Miscanthus,Nitrogen 0N,cum_N2O_flux_ug_g_mean,3.27344118875
Miscanthus,Nitrogen 0N,cum_N2O_flux_ug_g_sd,6.19366427156284
Miscanthus,Nitrogen 112N,N2ON_flux_ug_g_d_mean,-0.00308714175
Miscanthus,Nitrogen 112N,N2ON_flux_ug_g_d_sd,0.00715622353109061
Miscanthus,Nitrogen 112N,cum_N2O_flux_ug_g_mean,12.2007749505
Miscanthus,Nitrogen 112N,cum_N2O_flux_ug_g_sd,24.2837724734308
Miscanthus,Nitrogen 336N,N2ON_flux_ug_g_d_mean,0.1350636735
Miscanthus,Nitrogen 336N,N2ON_flux_ug_g_d_sd,0.173724099748241
Miscanthus,Nitrogen 336N,cum_N2O_flux_ug_g_mean,21.994630419
Miscanthus,Nitrogen 336N,cum_N2O_flux_ug_g_sd,34.1200100250212
Corn,Carbon 0N,net_min_rate_rel_mean,-0.779859644796974
Corn,Carbon 0N,net_min_rate_rel_sd,1.17781998873865
Corn,Carbon 0N,net_min_rate_abs_mean,5.73097971246353
Corn,Carbon 0N,net_min_rate_abs_sd,1.17630882153592
Corn,Carbon 0N,net_nitr_rate_rel_mean,-0.769565935026439
Corn,Carbon 0N,net_nitr_rate_rel_sd,1.15900814050765
Corn,Carbon 0N,net_nitr_rate_abs_mean,5.78170769331562
Corn,Carbon 0N,net_nitr_rate_abs_sd,1.16212115272851
Corn,Carbon 0N,no3n_mg_kg_1_mean,183.633748829966
Corn,Carbon 0N,no3n_mg_kg_1_sd,37.281189588789
Corn,Carbon 0N,nh4n_mg_kg_1_mean,3.18412118562274
Corn,Carbon 0N,nh4n_mg_kg_1_sd,1.65351926611138
Corn,Carbon 0N,cum_no3_mean,572.605175605013
Corn,Carbon 0N,cum_no3_sd,109.137724620022
Corn,Carbon 0N,cum_nh4_mean,18.6569715770549
Corn,Carbon 0N,cum_nh4_sd,4.78544976649632
Corn,Carbon 112N,net_min_rate_rel_mean,-0.573458014748122
Corn,Carbon 112N,net_min_rate_rel_sd,0.377194403417778
Corn,Carbon 112N,net_min_rate_abs_mean,4.33392654268468
Corn,Carbon 112N,net_min_rate_abs_sd,3.05526602845784
Corn,Carbon 112N,net_nitr_rate_rel_mean,-0.585746475919743
Corn,Carbon 112N,net_nitr_rate_rel_sd,0.519295939821905
Corn,Carbon 112N,net_nitr_rate_abs_mean,4.32620240413913
Corn,Carbon 112N,net_nitr_rate_abs_sd,3.05622910383837
Corn,Carbon 112N,no3n_mg_kg_1_mean,150.243266875682
Corn,Carbon 112N,no3n_mg_kg_1_sd,98.3233279232571
Corn,Carbon 112N,nh4n_mg_kg_1_mean,4.65792203914122
Corn,Carbon 112N,nh4n_mg_kg_1_sd,1.33299098136786
Corn,Carbon 112N,cum_no3_mean,486.942369505633
Corn,Carbon 112N,cum_no3_sd,329.271704675396
Corn,Carbon 112N,cum_nh4_mean,24.4427418724062
Corn,Carbon 112N,cum_nh4_sd,15.325193034202
Corn,Carbon 336N,net_min_rate_rel_mean,-1.44370742345039
Corn,Carbon 336N,net_min_rate_rel_sd,0.381621974494998
Corn,Carbon 336N,net_min_rate_abs_mean,4.77912903463766
Corn,Carbon 336N,net_min_rate_abs_sd,1.4951533507757
Corn,Carbon 336N,net_nitr_rate_rel_mean,-1.53959213580291
Corn,Carbon 336N,net_nitr_rate_rel_sd,0.388687886859116
Corn,Carbon 336N,net_nitr_rate_abs_mean,4.92699899025847
Corn,Carbon 336N,net_nitr_rate_abs_sd,1.33713355973967
Corn,Carbon 336N,no3n_mg_kg_1_mean,195.372958002308
Corn,Carbon 336N,no3n_mg_kg_1_sd,10.7616832355091
Corn,Carbon 336N,nh4n_mg_kg_1_mean,3.44129718425518
Corn,Carbon 336N,nh4n_mg_kg_1_sd,1.25286091606733
Corn,Carbon 336N,cum_no3_mean,839.719302320057
Corn,Carbon 336N,cum_no3_sd,356.703143636991
Corn,Carbon 336N,cum_nh4_mean,19.8987159939364
Corn,Carbon 336N,cum_nh4_sd,12.051769756809
Corn,Control 0N,net_min_rate_rel_mean,-0.845355824205102
Corn,Control 0N,net_min_rate_rel_sd,0.67762944538674
Corn,Control 0N,net_min_rate_abs_mean,6.45626974354213
Corn,Control 0N,net_min_rate_abs_sd,1.9197489884586
Corn,Control 0N,net_nitr_rate_rel_mean,-0.921830394496457
Corn,Control 0N,net_nitr_rate_rel_sd,0.7516864281471
Corn,Control 0N,net_nitr_rate_abs_mean,6.51651678596672
Corn,Control 0N,net_nitr_rate_abs_sd,2.01535201762664
Corn,Control 0N,no3n_mg_kg_1_mean,207.712654229924
Corn,Control 0N,no3n_mg_kg_1_sd,63.763725580104
Corn,Control 0N,nh4n_mg_kg_1_mean,3.58602027853136
Corn,Control 0N,nh4n_mg_kg_1_sd,2.90905819329495
Corn,Control 0N,cum_no3_mean,688.439725448633
Corn,Control 0N,cum_no3_sd,167.833383244447
Corn,Control 0N,cum_nh4_mean,30.2416807140537
Corn,Control 0N,cum_nh4_sd,26.2595802225404
Corn,Control 112N,net_min_rate_rel_mean,-0.716393890397913
Corn,Control 112N,net_min_rate_rel_sd,0.355186843129889
Corn,Control 112N,net_min_rate_abs_mean,4.51984340341906
Corn,Control 112N,net_min_rate_abs_sd,3.1933621289455
Corn,Control 112N,net_nitr_rate_rel_mean,-0.659705291087021
Corn,Control 112N,net_nitr_rate_rel_sd,0.527081019733544
Corn,Control 112N,net_nitr_rate_abs_mean,4.52770805008948
Corn,Control 112N,net_nitr_rate_abs_sd,3.18630994396595
Corn,Control 112N,no3n_mg_kg_1_mean,155.180974559649
Corn,Control 112N,no3n_mg_kg_1_sd,102.399227557775
Corn,Control 112N,nh4n_mg_kg_1_mean,4.08815196665081
Corn,Control 112N,nh4n_mg_kg_1_sd,2.00679270585715
Corn,Control 112N,cum_no3_mean,554.196468187843
Corn,Control 112N,cum_no3_sd,345.352801722607
Corn,Control 112N,cum_nh4_mean,21.5131951430176
Corn,Control 112N,cum_nh4_sd,4.24258831190299
Corn,Control 336N,net_min_rate_rel_mean,-1.03183268066747
Corn,Control 336N,net_min_rate_rel_sd,1.37608822311265
Corn,Control 336N,net_min_rate_abs_mean,5.86471323127404
Corn,Control 336N,net_min_rate_abs_sd,1.87394116314183
Corn,Control 336N,net_nitr_rate_rel_mean,-1.26058822317873
Corn,Control 336N,net_nitr_rate_rel_sd,1.25441571779381
Corn,Control 336N,net_nitr_rate_abs_mean,5.88511733748139
Corn,Control 336N,net_nitr_rate_abs_sd,1.60720835586761
Corn,Control 336N,no3n_mg_kg_1_mean,222.488821496987
Corn,Control 336N,no3n_mg_kg_1_sd,17.9283689738778
Corn,Control 336N,nh4n_mg_kg_1_mean,8.81084092029138
Corn,Control 336N,nh4n_mg_kg_1_sd,10.5934286678342
Corn,Control 336N,cum_no3_mean,969.375197654826
Corn,Control 336N,cum_no3_sd,417.899453757486
Corn,Control 336N,cum_nh4_mean,32.0833497541116
Corn,Control 336N,cum_nh4_sd,19.8139926393695
Corn,Nitrogen 0N,net_min_rate_rel_mean,0.603469857608191
Corn,Nitrogen 0N,net_min_rate_rel_sd,5.00228790416769
Corn,Nitrogen 0N,net_min_rate_abs_mean,6.68871308583406
Corn,Nitrogen 0N,net_min_rate_abs_sd,1.76564125494513
Corn,Nitrogen 0N,net_nitr_rate_rel_mean,0.627370301719395
Corn,Nitrogen 0N,net_nitr_rate_rel_sd,5.07341675382118
Corn,Nitrogen 0N,net_nitr_rate_abs_mean,6.78231232439344
Corn,Nitrogen 0N,net_nitr_rate_abs_sd,1.77183916725199
Corn,Nitrogen 0N,no3n_mg_kg_1_mean,227.275433494712
Corn,Nitrogen 0N,no3n_mg_kg_1_sd,58.1091094764583
Corn,Nitrogen 0N,nh4n_mg_kg_1_mean,3.40049464615273
Corn,Nitrogen 0N,nh4n_mg_kg_1_sd,2.51498976451315
Corn,Nitrogen 0N,cum_no3_mean,879.789169921341
Corn,Nitrogen 0N,cum_no3_sd,177.029224051541
Corn,Nitrogen 0N,cum_nh4_mean,20.9262106663145
Corn,Nitrogen 0N,cum_nh4_sd,9.01286566703726
Corn,Nitrogen 112N,net_min_rate_rel_mean,-0.526827317046546
Corn,Nitrogen 112N,net_min_rate_rel_sd,0.596521643962655
Corn,Nitrogen 112N,net_min_rate_abs_mean,5.79783080858492
Corn,Nitrogen 112N,net_min_rate_abs_sd,2.29343514313543
Corn,Nitrogen 112N,net_nitr_rate_rel_mean,-0.643160987562925
Corn,Nitrogen 112N,net_nitr_rate_rel_sd,0.58858699596775
Corn,Nitrogen 112N,net_nitr_rate_abs_mean,5.83307433479292
Corn,Nitrogen 112N,net_nitr_rate_abs_sd,2.16945725187108
Corn,Nitrogen 112N,no3n_mg_kg_1_mean,209.566107220645
Corn,Nitrogen 112N,no3n_mg_kg_1_sd,59.2975528478406
Corn,Nitrogen 112N,nh4n_mg_kg_1_mean,5.73379202992768
Corn,Nitrogen 112N,nh4n_mg_kg_1_sd,3.42020867371854
Corn,Nitrogen 112N,cum_no3_mean,876.204470574305
Corn,Nitrogen 112N,cum_no3_sd,245.553119474263
Corn,Nitrogen 112N,cum_nh4_mean,22.910275840479
Corn,Nitrogen 112N,cum_nh4_sd,11.7754556732028
Corn,Nitrogen 336N,net_min_rate_rel_mean,-1.07746554939495
Corn,Nitrogen 336N,net_min_rate_rel_sd,0.706663847710916
Corn,Nitrogen 336N,net_min_rate_abs_mean,5.45264420172974
Corn,Nitrogen 336N,net_min_rate_abs_sd,2.52954421007895
Corn,Nitrogen 336N,net_nitr_rate_rel_mean,-1.16459120177914
Corn,Nitrogen 336N,net_nitr_rate_rel_sd,0.674709870447596
Corn,Nitrogen 336N,net_nitr_rate_abs_mean,5.62163078820822
Corn,Nitrogen 336N,net_nitr_rate_abs_sd,2.3060747476523
Corn,Nitrogen 336N,no3n_mg_kg_1_mean,234.907455805916
Corn,Nitrogen 336N,no3n_mg_kg_1_sd,26.7155257803248
Corn,Nitrogen 336N,nh4n_mg_kg_1_mean,3.83651688645304
Corn,Nitrogen 336N,nh4n_mg_kg_1_sd,2.45108877229388
Corn,Nitrogen 336N,cum_no3_mean,1120.41212558656
Corn,Nitrogen 336N,cum_no3_sd,207.031840327883
Corn,Nitrogen 336N,cum_nh4_mean,25.8126533534749
Corn,Nitrogen 336N,cum_nh4_sd,20.2106268212309
Miscanthus,Carbon 0N,net_min_rate_rel_mean,1.10353776374768
Miscanthus,Carbon 0N,net_min_rate_rel_sd,1.08850229517413
Miscanthus,Carbon 0N,net_min_rate_abs_mean,3.71550511702087
Miscanthus,Carbon 0N,net_min_rate_abs_sd,2.38397034304331
Miscanthus,Carbon 0N,net_nitr_rate_rel_mean,1.08161536316403
Miscanthus,Carbon 0N,net_nitr_rate_rel_sd,1.08052339673112
Miscanthus,Carbon 0N,net_nitr_rate_abs_mean,3.85294204248095
Miscanthus,Carbon 0N,net_nitr_rate_abs_sd,2.57643722878981
Miscanthus,Carbon 0N,no3n_mg_kg_1_mean,123.870666357753
Miscanthus,Carbon 0N,no3n_mg_kg_1_sd,80.4645105148962
Miscanthus,Carbon 0N,nh4n_mg_kg_1_mean,4.02480929970847
Miscanthus,Carbon 0N,nh4n_mg_kg_1_sd,4.04000901290988
Miscanthus,Carbon 0N,cum_no3_mean,331.265820874628
Miscanthus,Carbon 0N,cum_no3_sd,227.486633986216
Miscanthus,Carbon 0N,cum_nh4_mean,27.3547436685324
Miscanthus,Carbon 0N,cum_nh4_sd,22.1472350979276
Miscanthus,Carbon 112N,net_min_rate_rel_mean,0.560019724291558
Miscanthus,Carbon 112N,net_min_rate_rel_sd,1.84257798886333
Miscanthus,Carbon 112N,net_min_rate_abs_mean,4.13881232495693
Miscanthus,Carbon 112N,net_min_rate_abs_sd,4.14014676319932
Miscanthus,Carbon 112N,net_nitr_rate_rel_mean,0.570235857075726
Miscanthus,Carbon 112N,net_nitr_rate_rel_sd,1.84603003564237
Miscanthus,Carbon 112N,net_nitr_rate_abs_mean,4.3243187756068
Miscanthus,Carbon 112N,net_nitr_rate_abs_sd,4.24764796192554
Miscanthus,Carbon 112N,no3n_mg_kg_1_mean,183.781766013498
Miscanthus,Carbon 112N,no3n_mg_kg_1_sd,124.477964260471
Miscanthus,Carbon 112N,nh4n_mg_kg_1_mean,2.14495611755738
Miscanthus,Carbon 112N,nh4n_mg_kg_1_sd,0.471013289115662
Miscanthus,Carbon 112N,cum_no3_mean,679.285252956937
Miscanthus,Carbon 112N,cum_no3_sd,360.175960982233
Miscanthus,Carbon 112N,cum_nh4_mean,16.9038430621655
Miscanthus,Carbon 112N,cum_nh4_sd,4.90953937995207
Miscanthus,Carbon 336N,net_min_rate_rel_mean,-0.61154502021308
Miscanthus,Carbon 336N,net_min_rate_rel_sd,2.32276540925273
Miscanthus,Carbon 336N,net_min_rate_abs_mean,3.3357678207842
Miscanthus,Carbon 336N,net_min_rate_abs_sd,4.61970114925802
Miscanthus,Carbon 336N,net_nitr_rate_rel_mean,-0.695528818392047
Miscanthus,Carbon 336N,net_nitr_rate_rel_sd,2.39793098378333
Miscanthus,Carbon 336N,net_nitr_rate_abs_mean,3.4669695941857
Miscanthus,Carbon 336N,net_nitr_rate_abs_sd,4.77447000114456
Miscanthus,Carbon 336N,no3n_mg_kg_1_mean,156.618387178415
Miscanthus,Carbon 336N,no3n_mg_kg_1_sd,153.541523568706
Miscanthus,Carbon 336N,nh4n_mg_kg_1_mean,3.48701638491456
Miscanthus,Carbon 336N,nh4n_mg_kg_1_sd,3.95823866993086
Miscanthus,Carbon 336N,cum_no3_mean,725.843276368633
Miscanthus,Carbon 336N,cum_no3_sd,408.335707608418
Miscanthus,Carbon 336N,cum_nh4_mean,19.2206035199443
Miscanthus,Carbon 336N,cum_nh4_sd,10.3689796848978
Miscanthus,Control 0N,net_min_rate_rel_mean,1.14860671443762
Miscanthus,Control 0N,net_min_rate_rel_sd,1.16007617242981
Miscanthus,Control 0N,net_min_rate_abs_mean,4.24828503755418
Miscanthus,Control 0N,net_min_rate_abs_sd,2.76792755667035
Miscanthus,Control 0N,net_nitr_rate_rel_mean,1.17568311440482
Miscanthus,Control 0N,net_nitr_rate_rel_sd,1.09423179160858
Miscanthus,Control 0N,net_nitr_rate_abs_mean,4.42713747693415
Miscanthus,Control 0N,net_nitr_rate_abs_sd,2.92066739944916
Miscanthus,Control 0N,no3n_mg_kg_1_mean,142.155613438738
Miscanthus,Control 0N,no3n_mg_kg_1_sd,92.145129901359
Miscanthus,Control 0N,nh4n_mg_kg_1_mean,2.9258537653145
Miscanthus,Control 0N,nh4n_mg_kg_1_sd,3.39186789545957
Miscanthus,Control 0N,cum_no3_mean,389.666144038378
Miscanthus,Control 0N,cum_no3_sd,258.497556911053
Miscanthus,Control 0N,cum_nh4_mean,23.9367204855704
Miscanthus,Control 0N,cum_nh4_sd,18.2926126524687
Miscanthus,Control 112N,net_min_rate_rel_mean,0.0717122523778427
Miscanthus,Control 112N,net_min_rate_rel_sd,1.67353753645211
Miscanthus,Control 112N,net_min_rate_abs_mean,5.06326763523237
Miscanthus,Control 112N,net_min_rate_abs_sd,4.20807397307864
Miscanthus,Control 112N,net_nitr_rate_rel_mean,0.0485330358255699
Miscanthus,Control 112N,net_nitr_rate_rel_sd,1.69963336875218
Miscanthus,Control 112N,net_nitr_rate_abs_mean,5.21567410492826
Miscanthus,Control 112N,net_nitr_rate_abs_sd,4.29845991004365
Miscanthus,Control 112N,no3n_mg_kg_1_mean,196.17594350571
Miscanthus,Control 112N,no3n_mg_kg_1_sd,131.398301656767
Miscanthus,Control 112N,nh4n_mg_kg_1_mean,2.02946342798329
Miscanthus,Control 112N,nh4n_mg_kg_1_sd,0.834810855067322
Miscanthus,Control 112N,cum_no3_mean,812.311149607753
Miscanthus,Control 112N,cum_no3_sd,311.604630039995
Miscanthus,Control 112N,cum_nh4_mean,12.3861676524739
Miscanthus,Control 112N,cum_nh4_sd,3.84678079218855
Miscanthus,Control 336N,net_min_rate_rel_mean,-0.164832955833942
Miscanthus,Control 336N,net_min_rate_rel_sd,1.88374418089216
Miscanthus,Control 336N,net_min_rate_abs_mean,3.60423379558988
Miscanthus,Control 336N,net_min_rate_abs_sd,3.59169066040335
Miscanthus,Control 336N,net_nitr_rate_rel_mean,-0.26639064622335
Miscanthus,Control 336N,net_nitr_rate_rel_sd,2.0119684902108
Miscanthus,Control 336N,net_nitr_rate_abs_mean,3.72699758191419
Miscanthus,Control 336N,net_nitr_rate_abs_sd,3.69090760372579
Miscanthus,Control 336N,no3n_mg_kg_1_mean,172.711440582046
Miscanthus,Control 336N,no3n_mg_kg_1_sd,120.369527695599
Miscanthus,Control 336N,nh4n_mg_kg_1_mean,4.91918130797069
Miscanthus,Control 336N,nh4n_mg_kg_1_sd,4.84716303250164
Miscanthus,Control 336N,cum_no3_mean,848.605473808052
Miscanthus,Control 336N,cum_no3_sd,393.197623303889
Miscanthus,Control 336N,cum_nh4_mean,22.363420242908
Miscanthus,Control 336N,cum_nh4_sd,9.38113043093789
Miscanthus,Nitrogen 0N,net_min_rate_rel_mean,4.1107546771381
Miscanthus,Nitrogen 0N,net_min_rate_rel_sd,4.61824153880275
Miscanthus,Nitrogen 0N,net_min_rate_abs_mean,7.89764212562591
Miscanthus,Nitrogen 0N,net_min_rate_abs_sd,7.42594615294585
Miscanthus,Nitrogen 0N,net_nitr_rate_rel_mean,4.09143971724461
Miscanthus,Nitrogen 0N,net_nitr_rate_rel_sd,4.61094397049673
Miscanthus,Nitrogen 0N,net_nitr_rate_abs_mean,8.17408679611171
Miscanthus,Nitrogen 0N,net_nitr_rate_abs_sd,7.49156008036646
Miscanthus,Nitrogen 0N,no3n_mg_kg_1_mean,275.027789955424
Miscanthus,Nitrogen 0N,no3n_mg_kg_1_sd,233.213312702875
Miscanthus,Nitrogen 0N,nh4n_mg_kg_1_mean,2.70987674999791
Miscanthus,Nitrogen 0N,nh4n_mg_kg_1_sd,1.26854435492856
Miscanthus,Nitrogen 0N,cum_no3_mean,763.595996388397
Miscanthus,Nitrogen 0N,cum_no3_sd,463.764742755409
Miscanthus,Nitrogen 0N,cum_nh4_mean,21.8226306815237
Miscanthus,Nitrogen 0N,cum_nh4_sd,5.67023487400351
Miscanthus,Nitrogen 112N,net_min_rate_rel_mean,-0.539240698208552
Miscanthus,Nitrogen 112N,net_min_rate_rel_sd,3.12839983704134
Miscanthus,Nitrogen 112N,net_min_rate_abs_mean,4.77841267586019
Miscanthus,Nitrogen 112N,net_min_rate_abs_sd,4.60834839590765
Miscanthus,Nitrogen 112N,net_nitr_rate_rel_mean,-0.552006475153225
Miscanthus,Nitrogen 112N,net_nitr_rate_rel_sd,3.14683583011211
Miscanthus,Nitrogen 112N,net_nitr_rate_abs_mean,4.98976416169803
Miscanthus,Nitrogen 112N,net_nitr_rate_abs_sd,4.64252639203919
Miscanthus,Nitrogen 112N,no3n_mg_kg_1_mean,216.749226899699
Miscanthus,Nitrogen 112N,no3n_mg_kg_1_sd,143.554234957335
Miscanthus,Nitrogen 112N,nh4n_mg_kg_1_mean,1.54110340514053
Miscanthus,Nitrogen 112N,nh4n_mg_kg_1_sd,0.804288904148803
Miscanthus,Nitrogen 112N,cum_no3_mean,1133.70383841251
Miscanthus,Nitrogen 112N,cum_no3_sd,311.384202696027
Miscanthus,Nitrogen 112N,cum_nh4_mean,14.5328984160629
Miscanthus,Nitrogen 112N,cum_nh4_sd,5.19404618037036
Miscanthus,Nitrogen 336N,net_min_rate_rel_mean,0.0217131161690605
Miscanthus,Nitrogen 336N,net_min_rate_rel_sd,2.48799648944266
Miscanthus,Nitrogen 336N,net_min_rate_abs_mean,4.17520387016948
Miscanthus,Nitrogen 336N,net_min_rate_abs_sd,2.65772321769866
Miscanthus,Nitrogen 336N,net_nitr_rate_rel_mean,-0.0387267866027325
Miscanthus,Nitrogen 336N,net_nitr_rate_rel_sd,2.54201581198769
Miscanthus,Nitrogen 336N,net_nitr_rate_abs_mean,4.41470458131879
Miscanthus,Nitrogen 336N,net_nitr_rate_abs_sd,2.58046015534711
Miscanthus,Nitrogen 336N,no3n_mg_kg_1_mean,229.345103771327
Miscanthus,Nitrogen 336N,no3n_mg_kg_1_sd,106.276633637822
Miscanthus,Nitrogen 336N,nh4n_mg_kg_1_mean,3.06545407355706
Miscanthus,Nitrogen 336N,nh4n_mg_kg_1_sd,3.0498160803104
Miscanthus,Nitrogen 336N,cum_no3_mean,1191.21493559079
Miscanthus,Nitrogen 336N,cum_no3_sd,314.471796522764
Miscanthus,Nitrogen 336N,cum_nh4_mean,24.4423935783103
Miscanthus,Nitrogen 336N,cum_nh4_sd,13.9371157711296
