factor,level,Day,Addition,mean_n,sd,se,pe_mean_n,pe_sd,pe_se,pe_perc_diff,var
Treatment,0N,5,Carbon,145.046,30.049,10.624,18.008,4.415,1.561,14.175,cum_CO2_flux_ug_g
Treatment,0N,5,Control,127.038,25.634,9.063,0,0,0,0,cum_CO2_flux_ug_g
Treatment,0N,5,Nitrogen,122.73,33.738,11.928,-4.308,8.104,2.865,-3.391,cum_CO2_flux_ug_g
Treatment,0N,10,Carbon,281.948,61.423,21.716,24.961,7.315,2.586,9.713,cum_CO2_flux_ug_g
Treatment,0N,10,Control,256.986,54.108,19.13,0,0,0,0,cum_CO2_flux_ug_g
Treatment,0N,10,Nitrogen,243.338,61.299,21.673,-13.648,7.192,2.543,-5.311,cum_CO2_flux_ug_g
Treatment,0N,16,Carbon,451.276,104.309,36.879,50.968,16.859,5.961,12.732,cum_CO2_flux_ug_g
Treatment,0N,16,Control,400.308,87.45,30.918,0,0,0,0,cum_CO2_flux_ug_g
Treatment,0N,16,Nitrogen,380.68,96.132,33.988,-19.628,8.682,3.069,-4.903,cum_CO2_flux_ug_g
Treatment,0N,24,Carbon,717.82,175.501,62.049,78.931,9.92,3.507,12.354,cum_CO2_flux_ug_g
Treatment,0N,24,Control,638.889,165.581,58.542,0,0,0,0,cum_CO2_flux_ug_g
Treatment,0N,24,Nitrogen,595.696,172.524,60.996,-43.192,6.943,2.455,-6.761,cum_CO2_flux_ug_g
Treatment,0N,31,Carbon,952.315,238.291,84.249,100.038,3.065,1.084,11.738,cum_CO2_flux_ug_g
Treatment,0N,31,Control,852.277,235.226,83.165,0,0,0,0,cum_CO2_flux_ug_g
Treatment,0N,31,Nitrogen,790.845,248.912,88.004,-61.432,13.687,4.839,-7.208,cum_CO2_flux_ug_g
Treatment,0N,38,Carbon,1154.316,282.552,99.897,133.457,1.983,0.701,13.073,cum_CO2_flux_ug_g
Treatment,0N,38,Control,1020.858,280.569,99.196,0,0,0,0,cum_CO2_flux_ug_g
Treatment,0N,38,Nitrogen,951.402,302.837,107.069,-69.456,22.268,7.873,-6.804,cum_CO2_flux_ug_g
Treatment,0N,47,Carbon,1403.288,366.446,129.558,169.165,27.061,9.568,13.707,cum_CO2_flux_ug_g
Treatment,0N,47,Control,1234.123,339.385,119.991,0,0,0,0,cum_CO2_flux_ug_g
Treatment,0N,47,Nitrogen,1178.589,390.271,137.982,-55.534,50.886,17.991,-4.5,cum_CO2_flux_ug_g
Treatment,0N,54,Carbon,1618.144,463.291,163.798,202.817,62.308,22.029,14.33,cum_CO2_flux_ug_g
Treatment,0N,54,Control,1415.327,400.982,141.769,0,0,0,0,cum_CO2_flux_ug_g
Treatment,0N,54,Nitrogen,1374.618,484.109,171.158,-40.709,83.126,29.39,-2.876,cum_CO2_flux_ug_g
Treatment,0N,60,Carbon,1762.729,525.135,185.663,225.934,78.456,27.738,14.702,cum_CO2_flux_ug_g
Treatment,0N,60,Control,1536.794,446.678,157.925,0,0,0,0,cum_CO2_flux_ug_g
Treatment,0N,60,Nitrogen,1510.027,545.492,192.861,-26.767,98.814,34.936,-1.742,cum_CO2_flux_ug_g
Treatment,0N,67,Carbon,1897.323,581.56,205.612,242.55,91.577,32.377,14.658,cum_CO2_flux_ug_g
Treatment,0N,67,Control,1654.773,489.983,173.235,0,0,0,0,cum_CO2_flux_ug_g
Treatment,0N,67,Nitrogen,1638.863,603.973,213.537,-15.91,113.99,40.302,-0.961,cum_CO2_flux_ug_g
Treatment,0N,76,Carbon,2074.21,669.693,236.772,252.653,110.13,38.937,13.87,cum_CO2_flux_ug_g
Treatment,0N,76,Control,1821.558,559.564,197.836,0,0,0,0,cum_CO2_flux_ug_g
Treatment,0N,76,Nitrogen,1806.421,680.143,240.467,-15.137,120.579,42.631,-0.831,cum_CO2_flux_ug_g
Treatment,0N,87,Carbon,2252.591,749.838,265.108,272.009,121.073,42.806,13.734,cum_CO2_flux_ug_g
Treatment,0N,87,Control,1980.582,628.765,222.302,0,0,0,0,cum_CO2_flux_ug_g
Treatment,0N,87,Nitrogen,1977.8,754.977,266.925,-2.782,126.212,44.623,-0.14,cum_CO2_flux_ug_g
Treatment,0N,100,Carbon,2476.606,859.55,303.897,280.185,132.029,46.679,12.756,cum_CO2_flux_ug_g
Treatment,0N,100,Control,2196.421,727.521,257.217,0,0,0,0,cum_CO2_flux_ug_g
Treatment,0N,100,Nitrogen,2189.548,847.141,299.51,-6.873,119.62,42.292,-0.313,cum_CO2_flux_ug_g
Treatment,0N,114,Carbon,2673.045,953.506,337.115,281.717,134.716,47.629,11.781,cum_CO2_flux_ug_g
Treatment,0N,114,Control,2391.329,818.79,289.486,0,0,0,0,cum_CO2_flux_ug_g
Treatment,0N,114,Nitrogen,2389.191,932.76,329.78,-2.138,113.97,40.294,-0.089,cum_CO2_flux_ug_g
Treatment,0N,132,Carbon,2939.659,1075.78,380.346,289.048,130.005,45.964,10.905,cum_CO2_flux_ug_g
Treatment,0N,132,Control,2650.612,945.775,334.382,0,0,0,0,cum_CO2_flux_ug_g
Treatment,0N,132,Nitrogen,2649.947,1047.136,370.218,-0.665,101.361,35.836,-0.025,cum_CO2_flux_ug_g
Treatment,0N,146,Carbon,3151.774,1172.956,414.703,303.976,137.736,48.697,10.674,cum_CO2_flux_ug_g
Treatment,0N,146,Control,2847.798,1035.22,366.005,0,0,0,0,cum_CO2_flux_ug_g
Treatment,0N,146,Nitrogen,2848.656,1128.433,398.961,0.858,93.213,32.956,0.03,cum_CO2_flux_ug_g
Treatment,112N,5,Carbon,135.292,31.746,11.224,39.429,-2.492,-0.881,41.13,cum_CO2_flux_ug_g
Treatment,112N,5,Control,95.864,34.238,12.105,0,0,0,0,cum_CO2_flux_ug_g
Treatment,112N,5,Nitrogen,89.871,36.64,12.954,-5.992,2.402,0.849,-6.251,cum_CO2_flux_ug_g
Treatment,112N,10,Carbon,251.875,61.446,21.724,57.608,2.262,0.8,29.654,cum_CO2_flux_ug_g
Treatment,112N,10,Control,194.267,59.184,20.925,0,0,0,0,cum_CO2_flux_ug_g
Treatment,112N,10,Nitrogen,177.324,67.658,23.921,-16.943,8.474,2.996,-8.721,cum_CO2_flux_ug_g
Treatment,112N,16,Carbon,387.573,92.739,32.788,78.663,-3.118,-1.102,25.465,cum_CO2_flux_ug_g
Treatment,112N,16,Control,308.91,95.857,33.891,0,0,0,0,cum_CO2_flux_ug_g
Treatment,112N,16,Nitrogen,283.634,106.964,37.817,-25.276,11.107,3.927,-8.182,cum_CO2_flux_ug_g
Treatment,112N,24,Carbon,592.091,176.697,62.472,110.996,6.084,2.151,23.072,cum_CO2_flux_ug_g
Treatment,112N,24,Control,481.095,170.613,60.321,0,0,0,0,cum_CO2_flux_ug_g
Treatment,112N,24,Nitrogen,433.838,190.062,67.197,-47.256,19.449,6.876,-9.823,cum_CO2_flux_ug_g
Treatment,112N,31,Carbon,787.243,253.921,89.775,142.526,10.618,3.754,22.107,cum_CO2_flux_ug_g
Treatment,112N,31,Control,644.717,243.302,86.02,0,0,0,0,cum_CO2_flux_ug_g
Treatment,112N,31,Nitrogen,572.751,272.166,96.225,-71.966,28.864,10.205,-11.162,cum_CO2_flux_ug_g
Treatment,112N,38,Carbon,950.707,310.871,109.909,178.702,18.095,6.397,23.148,cum_CO2_flux_ug_g
Treatment,112N,38,Control,772.005,292.776,103.512,0,0,0,0,cum_CO2_flux_ug_g
Treatment,112N,38,Nitrogen,690.761,337.012,119.152,-81.244,44.236,15.64,-10.524,cum_CO2_flux_ug_g
Treatment,112N,47,Carbon,1166.412,386.125,136.516,214.902,14.657,5.182,22.585,cum_CO2_flux_ug_g
Treatment,112N,47,Control,951.51,371.469,131.334,0,0,0,0,cum_CO2_flux_ug_g
Treatment,112N,47,Nitrogen,850.863,437.681,154.744,-100.647,66.212,23.41,-10.578,cum_CO2_flux_ug_g
Treatment,112N,54,Carbon,1349.03,459.116,162.322,235.937,3.549,1.255,21.197,cum_CO2_flux_ug_g
Treatment,112N,54,Control,1113.093,455.566,161.067,0,0,0,0,cum_CO2_flux_ug_g
Treatment,112N,54,Nitrogen,994.995,530.646,187.612,-118.098,75.08,26.545,-10.61,cum_CO2_flux_ug_g
Treatment,112N,60,Carbon,1479.47,510.263,180.405,245.461,-4.898,-1.732,19.891,cum_CO2_flux_ug_g
Treatment,112N,60,Control,1234.009,515.161,182.137,0,0,0,0,cum_CO2_flux_ug_g
Treatment,112N,60,Nitrogen,1103.168,586.445,207.34,-130.842,71.285,25.203,-10.603,cum_CO2_flux_ug_g
Treatment,112N,67,Carbon,1607.456,558.978,197.629,256.501,-6.879,-2.432,18.987,cum_CO2_flux_ug_g
Treatment,112N,67,Control,1350.955,565.857,200.061,0,0,0,0,cum_CO2_flux_ug_g
Treatment,112N,67,Nitrogen,1205.641,632.627,223.667,-145.314,66.77,23.607,-10.756,cum_CO2_flux_ug_g
Treatment,112N,76,Carbon,1769.043,628.447,222.189,263.426,-6.161,-2.178,17.496,cum_CO2_flux_ug_g
Treatment,112N,76,Control,1505.617,634.608,224.368,0,0,0,0,cum_CO2_flux_ug_g
Treatment,112N,76,Nitrogen,1338.811,692.47,244.825,-166.807,57.863,20.457,-11.079,cum_CO2_flux_ug_g
Treatment,112N,87,Carbon,1933.806,694.43,245.518,264.758,-4.369,-1.545,15.863,cum_CO2_flux_ug_g
Treatment,112N,87,Control,1669.048,698.799,247.063,0,0,0,0,cum_CO2_flux_ug_g
Treatment,112N,87,Nitrogen,1477.083,751.191,265.586,-191.965,52.392,18.523,-11.501,cum_CO2_flux_ug_g
Treatment,112N,100,Carbon,2134.76,778.465,275.229,263.888,21.603,7.638,14.105,cum_CO2_flux_ug_g
Treatment,112N,100,Control,1870.872,756.862,267.591,0,0,0,0,cum_CO2_flux_ug_g
Treatment,112N,100,Nitrogen,1645.895,825.934,292.012,-224.978,69.072,24.421,-12.025,cum_CO2_flux_ug_g
Treatment,112N,114,Carbon,2309.868,863.848,305.416,246.708,51.163,18.089,11.958,cum_CO2_flux_ug_g
Treatment,112N,114,Control,2063.16,812.684,287.327,0,0,0,0,cum_CO2_flux_ug_g
Treatment,112N,114,Nitrogen,1795.748,891.75,315.281,-267.412,79.065,27.954,-12.961,cum_CO2_flux_ug_g
Treatment,112N,132,Carbon,2557.165,958.429,338.856,256.137,58.703,20.755,11.131,cum_CO2_flux_ug_g
Treatment,112N,132,Control,2301.028,899.726,318.101,0,0,0,0,cum_CO2_flux_ug_g
Treatment,112N,132,Nitrogen,1993.629,969.671,342.83,-307.399,69.945,24.729,-13.359,cum_CO2_flux_ug_g
Treatment,112N,146,Carbon,2750.554,1015.974,359.201,269.718,49.519,17.508,10.872,cum_CO2_flux_ug_g
Treatment,112N,146,Control,2480.835,966.455,341.693,0,0,0,0,cum_CO2_flux_ug_g
Treatment,112N,146,Nitrogen,2156.405,1044.334,369.228,-324.431,77.88,27.535,-13.077,cum_CO2_flux_ug_g
Treatment,336N,5,Carbon,142.406,35.888,12.688,43.579,-4.163,-1.472,44.097,cum_CO2_flux_ug_g
Treatment,336N,5,Control,98.826,40.051,14.16,0,0,0,0,cum_CO2_flux_ug_g
Treatment,336N,5,Nitrogen,89.531,36.491,12.901,-9.296,-3.56,-1.259,-9.406,cum_CO2_flux_ug_g
Treatment,336N,10,Carbon,264.468,69.878,24.706,66.739,-9.105,-3.219,33.753,cum_CO2_flux_ug_g
Treatment,336N,10,Control,197.729,78.984,27.925,0,0,0,0,cum_CO2_flux_ug_g
Treatment,336N,10,Nitrogen,177.483,73.684,26.051,-20.246,-5.299,-1.874,-10.239,cum_CO2_flux_ug_g
Treatment,336N,16,Carbon,391.41,106.295,37.581,84.915,-13.344,-4.718,27.705,cum_CO2_flux_ug_g
Treatment,336N,16,Control,306.494,119.639,42.299,0,0,0,0,cum_CO2_flux_ug_g
Treatment,336N,16,Nitrogen,278.684,116.045,41.028,-27.81,-3.594,-1.271,-9.074,cum_CO2_flux_ug_g
Treatment,336N,24,Carbon,590.851,201.332,71.182,101.751,-16.446,-5.815,20.804,cum_CO2_flux_ug_g
Treatment,336N,24,Control,489.099,217.778,76.996,0,0,0,0,cum_CO2_flux_ug_g
Treatment,336N,24,Nitrogen,446.087,210.054,74.265,-43.013,-7.724,-2.731,-8.794,cum_CO2_flux_ug_g
Treatment,336N,31,Carbon,754.941,277.905,98.254,108.136,-29.402,-10.395,16.718,cum_CO2_flux_ug_g
Treatment,336N,31,Control,646.805,307.306,108.649,0,0,0,0,cum_CO2_flux_ug_g
Treatment,336N,31,Nitrogen,591.223,294.713,104.197,-55.582,-12.593,-4.452,-8.593,cum_CO2_flux_ug_g
Treatment,336N,38,Carbon,891.16,334.462,118.25,118.575,-36.378,-12.862,15.348,cum_CO2_flux_ug_g
Treatment,336N,38,Control,772.586,370.84,131.112,0,0,0,0,cum_CO2_flux_ug_g
Treatment,336N,38,Nitrogen,704.545,350.758,124.012,-68.041,-20.082,-7.1,-8.807,cum_CO2_flux_ug_g
Treatment,336N,47,Carbon,1099.149,441.265,156.011,159.986,-35.924,-12.701,17.035,cum_CO2_flux_ug_g
Treatment,336N,47,Control,939.163,477.189,168.712,0,0,0,0,cum_CO2_flux_ug_g
Treatment,336N,47,Nitrogen,872.543,448.526,158.578,-66.619,-28.663,-10.134,-7.093,cum_CO2_flux_ug_g
Treatment,336N,54,Carbon,1282.035,548.609,193.962,181.974,-38.683,-13.677,16.542,cum_CO2_flux_ug_g
Treatment,336N,54,Control,1100.061,587.292,207.639,0,0,0,0,cum_CO2_flux_ug_g
Treatment,336N,54,Nitrogen,1022.774,545.159,192.743,-77.288,-42.133,-14.896,-7.026,cum_CO2_flux_ug_g
Treatment,336N,60,Carbon,1409.444,616.194,217.857,194.621,-41.277,-14.594,16.021,cum_CO2_flux_ug_g
Treatment,336N,60,Control,1214.823,657.471,232.451,0,0,0,0,cum_CO2_flux_ug_g
Treatment,336N,60,Nitrogen,1133.121,612.175,216.436,-81.702,-45.296,-16.015,-6.725,cum_CO2_flux_ug_g
Treatment,336N,67,Carbon,1518.97,664.637,234.985,188.594,-61.074,-21.593,14.176,cum_CO2_flux_ug_g
Treatment,336N,67,Control,1330.376,725.711,256.578,0,0,0,0,cum_CO2_flux_ug_g
Treatment,336N,67,Nitrogen,1241.464,674.989,238.644,-88.913,-50.723,-17.933,-6.683,cum_CO2_flux_ug_g
Treatment,336N,76,Carbon,1669.976,735.973,260.206,188.283,-76.61,-27.086,12.707,cum_CO2_flux_ug_g
Treatment,336N,76,Control,1481.693,812.583,287.291,0,0,0,0,cum_CO2_flux_ug_g
Treatment,336N,76,Nitrogen,1384.682,758.001,267.994,-97.011,-54.581,-19.297,-6.547,cum_CO2_flux_ug_g
Treatment,336N,87,Carbon,1830.688,802.707,283.8,193.838,-93.681,-33.121,11.842,cum_CO2_flux_ug_g
Treatment,336N,87,Control,1636.85,896.388,316.921,0,0,0,0,cum_CO2_flux_ug_g
Treatment,336N,87,Nitrogen,1528.133,833.34,294.63,-108.717,-63.048,-22.291,-6.642,cum_CO2_flux_ug_g
Treatment,336N,100,Carbon,2032.383,893.267,315.818,192.657,-121.281,-42.879,10.472,cum_CO2_flux_ug_g
Treatment,336N,100,Control,1839.725,1014.548,358.697,0,0,0,0,cum_CO2_flux_ug_g
Treatment,336N,100,Nitrogen,1719.785,942.192,333.115,-119.941,-72.356,-25.582,-6.519,cum_CO2_flux_ug_g
Treatment,336N,114,Carbon,2211.283,963.536,340.661,185.025,-148.282,-52.426,9.131,cum_CO2_flux_ug_g
Treatment,336N,114,Control,2026.258,1111.818,393.087,0,0,0,0,cum_CO2_flux_ug_g
Treatment,336N,114,Nitrogen,1874.431,1021.881,361.289,-151.827,-89.937,-31.798,-7.493,cum_CO2_flux_ug_g
Treatment,336N,132,Carbon,2469.337,1077.582,380.983,208.765,-161.877,-57.232,9.235,cum_CO2_flux_ug_g
Treatment,336N,132,Control,2260.573,1239.459,438.215,0,0,0,0,cum_CO2_flux_ug_g
Treatment,336N,132,Nitrogen,2086.335,1132.851,400.523,-174.237,-106.608,-37.692,-7.708,cum_CO2_flux_ug_g
Treatment,336N,146,Carbon,2671.484,1161.581,410.681,233.315,-165.285,-58.437,9.569,cum_CO2_flux_ug_g
Treatment,336N,146,Control,2438.168,1326.867,469.118,0,0,0,0,cum_CO2_flux_ug_g
Treatment,336N,146,Nitrogen,2258.048,1220.343,431.456,-180.12,-106.524,-37.662,-7.388,cum_CO2_flux_ug_g
Crop,Corn,5,Carbon,131.62,20.496,5.917,24.019,-7.333,-2.117,22.323,cum_CO2_flux_ug_g
Crop,Corn,5,Control,107.601,27.829,8.034,0,0,0,0,cum_CO2_flux_ug_g
Crop,Corn,5,Nitrogen,98.732,33.775,9.75,-8.869,5.946,1.717,-8.243,cum_CO2_flux_ug_g
Crop,Corn,10,Carbon,246.126,36.869,10.643,36.957,-11.7,-3.377,17.669,cum_CO2_flux_ug_g
Crop,Corn,10,Control,209.168,48.569,14.021,0,0,0,0,cum_CO2_flux_ug_g
Crop,Corn,10,Nitrogen,189.532,58.168,16.792,-19.636,9.599,2.771,-9.388,cum_CO2_flux_ug_g
Crop,Corn,16,Carbon,392.72,70.738,20.42,63.002,-7.514,-2.169,19.108,cum_CO2_flux_ug_g
Crop,Corn,16,Control,329.719,78.252,22.589,0,0,0,0,cum_CO2_flux_ug_g
Crop,Corn,16,Nitrogen,301.838,90.123,26.016,-27.881,11.871,3.427,-8.456,cum_CO2_flux_ug_g
Crop,Corn,24,Carbon,602.505,140.221,40.478,91.312,-4.697,-1.356,17.862,cum_CO2_flux_ug_g
Crop,Corn,24,Control,511.193,144.918,41.834,0,0,0,0,cum_CO2_flux_ug_g
Crop,Corn,24,Nitrogen,462.75,157.434,45.447,-48.443,12.516,3.613,-9.476,cum_CO2_flux_ug_g
Crop,Corn,31,Carbon,800.084,208.489,60.186,119.753,-3.679,-1.062,17.602,cum_CO2_flux_ug_g
Crop,Corn,31,Control,680.331,212.167,61.247,0,0,0,0,cum_CO2_flux_ug_g
Crop,Corn,31,Nitrogen,610.43,228.857,66.065,-69.901,16.69,4.818,-10.275,cum_CO2_flux_ug_g
Crop,Corn,38,Carbon,970.049,265.529,76.652,157.165,10.826,3.125,19.334,cum_CO2_flux_ug_g
Crop,Corn,38,Control,812.884,254.703,73.526,0,0,0,0,cum_CO2_flux_ug_g
Crop,Corn,38,Nitrogen,736.284,282.958,81.683,-76.601,28.255,8.156,-9.423,cum_CO2_flux_ug_g
Crop,Corn,47,Carbon,1186.048,340.323,98.243,207.433,28.036,8.093,21.197,cum_CO2_flux_ug_g
Crop,Corn,47,Control,978.615,312.287,90.149,0,0,0,0,cum_CO2_flux_ug_g
Crop,Corn,47,Nitrogen,911.423,373.83,107.916,-67.192,61.544,17.766,-6.866,cum_CO2_flux_ug_g
Crop,Corn,54,Carbon,1368.605,416.338,120.187,240.207,46.308,13.368,21.287,cum_CO2_flux_ug_g
Crop,Corn,54,Control,1128.398,370.031,106.819,0,0,0,0,cum_CO2_flux_ug_g
Crop,Corn,54,Nitrogen,1061.397,459.403,132.618,-67,89.373,25.8,-5.938,cum_CO2_flux_ug_g
Crop,Corn,60,Carbon,1495.55,464.729,134.156,262.57,60.06,17.338,21.296,cum_CO2_flux_ug_g
Crop,Corn,60,Control,1232.98,404.669,116.818,0,0,0,0,cum_CO2_flux_ug_g
Crop,Corn,60,Nitrogen,1171.449,514.386,148.491,-61.531,109.717,31.673,-4.99,cum_CO2_flux_ug_g
Crop,Corn,67,Carbon,1612.701,505.989,146.066,276.057,66.995,19.34,20.653,cum_CO2_flux_ug_g
Crop,Corn,67,Control,1336.644,438.994,126.727,0,0,0,0,cum_CO2_flux_ug_g
Crop,Corn,67,Nitrogen,1272.173,559.782,161.595,-64.47,120.788,34.869,-4.823,cum_CO2_flux_ug_g
Crop,Corn,76,Carbon,1767.085,569.617,164.434,286.878,75.769,21.873,19.381,cum_CO2_flux_ug_g
Crop,Corn,76,Control,1480.207,493.848,142.562,0,0,0,0,cum_CO2_flux_ug_g
Crop,Corn,76,Nitrogen,1404.258,620.808,179.212,-75.949,126.96,36.65,-5.131,cum_CO2_flux_ug_g
Crop,Corn,87,Carbon,1921.469,626.358,180.814,302.883,89.493,25.835,18.713,cum_CO2_flux_ug_g
Crop,Corn,87,Control,1618.586,536.864,154.979,0,0,0,0,cum_CO2_flux_ug_g
Crop,Corn,87,Nitrogen,1534.412,673.927,194.546,-84.174,137.063,39.567,-5.2,cum_CO2_flux_ug_g
Crop,Corn,100,Carbon,2109.944,698.804,201.727,313.747,102.071,29.465,17.467,cum_CO2_flux_ug_g
Crop,Corn,100,Control,1796.197,596.733,172.262,0,0,0,0,cum_CO2_flux_ug_g
Crop,Corn,100,Nitrogen,1694.503,737.179,212.805,-101.694,140.446,40.543,-5.662,cum_CO2_flux_ug_g
Crop,Corn,114,Carbon,2283.483,761.984,219.966,319.148,108.042,31.189,16.247,cum_CO2_flux_ug_g
Crop,Corn,114,Control,1964.335,653.942,188.777,0,0,0,0,cum_CO2_flux_ug_g
Crop,Corn,114,Nitrogen,1827.685,790.633,228.236,-136.651,136.691,39.459,-6.957,cum_CO2_flux_ug_g
Crop,Corn,132,Carbon,2512.513,852.923,246.218,341.965,121.653,35.118,15.755,cum_CO2_flux_ug_g
Crop,Corn,132,Control,2170.549,731.271,211.1,0,0,0,0,cum_CO2_flux_ug_g
Crop,Corn,132,Nitrogen,2012.097,868.092,250.597,-158.452,136.822,39.497,-7.3,cum_CO2_flux_ug_g
Crop,Corn,146,Carbon,2695.24,917.739,264.929,362.981,126.793,36.602,15.564,cum_CO2_flux_ug_g
Crop,Corn,146,Control,2332.259,790.947,228.327,0,0,0,0,cum_CO2_flux_ug_g
Crop,Corn,146,Nitrogen,2157.286,931.273,268.835,-174.972,140.326,40.509,-7.502,cum_CO2_flux_ug_g
Crop,Miscanthus,5,Carbon,150.209,38.262,11.045,43.324,-4.643,-1.34,40.534,cum_CO2_flux_ug_g
Crop,Miscanthus,5,Control,106.884,42.905,12.386,0,0,0,0,cum_CO2_flux_ug_g
Crop,Miscanthus,5,Nitrogen,102.689,42.493,12.267,-4.195,-0.412,-0.119,-3.925,cum_CO2_flux_ug_g
Crop,Miscanthus,10,Carbon,286.068,77.544,22.385,62.581,-8.473,-2.446,28.002,cum_CO2_flux_ug_g
Crop,Miscanthus,10,Control,223.487,86.017,24.831,0,0,0,0,cum_CO2_flux_ug_g
Crop,Miscanthus,10,Nitrogen,209.232,85.275,24.617,-14.255,-0.742,-0.214,-6.378,cum_CO2_flux_ug_g
Crop,Miscanthus,16,Carbon,427.452,125.624,36.265,80.029,-7.373,-2.128,23.035,cum_CO2_flux_ug_g
Crop,Miscanthus,16,Control,347.423,132.997,38.393,0,0,0,0,cum_CO2_flux_ug_g
Crop,Miscanthus,16,Nitrogen,326.827,134.46,38.815,-20.595,1.463,0.422,-5.928,cum_CO2_flux_ug_g
Crop,Miscanthus,24,Carbon,664.67,226.35,65.342,103.141,-8.724,-2.518,18.368,cum_CO2_flux_ug_g
Crop,Miscanthus,24,Control,561.529,235.074,67.86,0,0,0,0,cum_CO2_flux_ug_g
Crop,Miscanthus,24,Nitrogen,520.998,234.913,67.814,-40.531,-0.16,-0.046,-7.218,cum_CO2_flux_ug_g
Crop,Miscanthus,31,Carbon,862.916,311.437,89.904,114.047,-14.262,-4.117,15.229,cum_CO2_flux_ug_g
Crop,Miscanthus,31,Control,748.869,325.699,94.021,0,0,0,0,cum_CO2_flux_ug_g
Crop,Miscanthus,31,Nitrogen,692.783,327.165,94.444,-56.085,1.466,0.423,-7.489,cum_CO2_flux_ug_g
Crop,Miscanthus,38,Carbon,1027.406,372.675,107.582,129.991,-18.912,-5.459,14.485,cum_CO2_flux_ug_g
Crop,Miscanthus,38,Control,897.415,391.587,113.041,0,0,0,0,cum_CO2_flux_ug_g
Crop,Miscanthus,38,Nitrogen,828.189,394.393,113.851,-69.227,2.805,0.81,-7.714,cum_CO2_flux_ug_g
Crop,Miscanthus,47,Carbon,1259.851,471.775,136.19,155.269,-18.457,-5.328,14.057,cum_CO2_flux_ug_g
Crop,Miscanthus,47,Control,1104.582,490.232,141.518,0,0,0,0,cum_CO2_flux_ug_g
Crop,Miscanthus,47,Nitrogen,1023.24,499.139,144.089,-81.342,8.907,2.571,-7.364,cum_CO2_flux_ug_g
Crop,Miscanthus,54,Carbon,1464.201,574.423,165.822,173.611,-16.245,-4.69,13.452,cum_CO2_flux_ug_g
Crop,Miscanthus,54,Control,1290.59,590.668,170.511,0,0,0,0,cum_CO2_flux_ug_g
Crop,Miscanthus,54,Nitrogen,1200.194,600.858,173.453,-90.396,10.19,2.942,-7.004,cum_CO2_flux_ug_g
Crop,Miscanthus,60,Carbon,1605.545,641.19,185.096,181.441,-18.125,-5.232,12.741,cum_CO2_flux_ug_g
Crop,Miscanthus,60,Control,1424.104,659.315,190.328,0,0,0,0,cum_CO2_flux_ug_g
Crop,Miscanthus,60,Nitrogen,1326.095,666.216,192.32,-98.009,6.901,1.992,-6.882,cum_CO2_flux_ug_g
Crop,Miscanthus,67,Carbon,1736.465,698.399,201.61,182.373,-23.522,-6.79,11.735,cum_CO2_flux_ug_g
Crop,Miscanthus,67,Control,1554.093,721.921,208.401,0,0,0,0,cum_CO2_flux_ug_g
Crop,Miscanthus,67,Nitrogen,1451.805,727.936,210.137,-102.287,6.015,1.736,-6.582,cum_CO2_flux_ug_g
Crop,Miscanthus,76,Carbon,1908.401,781.43,225.58,182.696,-25.6,-7.39,10.587,cum_CO2_flux_ug_g
Crop,Miscanthus,76,Control,1725.705,807.03,232.97,0,0,0,0,cum_CO2_flux_ug_g
Crop,Miscanthus,76,Nitrogen,1615.685,807.471,233.097,-110.021,0.441,0.127,-6.375,cum_CO2_flux_ug_g
Crop,Miscanthus,87,Carbon,2089.922,858.646,247.87,184.187,-31.793,-9.178,9.665,cum_CO2_flux_ug_g
Crop,Miscanthus,87,Control,1905.734,890.439,257.048,0,0,0,0,cum_CO2_flux_ug_g
Crop,Miscanthus,87,Nitrogen,1787.599,886.017,255.771,-118.135,-4.422,-1.276,-6.199,cum_CO2_flux_ug_g
Crop,Miscanthus,100,Carbon,2319.222,964.4,278.398,177.407,-31.539,-9.104,8.283,cum_CO2_flux_ug_g
Crop,Miscanthus,100,Control,2141.815,995.938,287.503,0,0,0,0,cum_CO2_flux_ug_g
Crop,Miscanthus,100,Nitrogen,2008.982,992.372,286.473,-132.834,-3.566,-1.029,-6.202,cum_CO2_flux_ug_g
Crop,Miscanthus,114,Carbon,2512.647,1058.773,305.641,156.485,-27.927,-8.062,6.642,cum_CO2_flux_ug_g
Crop,Miscanthus,114,Control,2356.163,1086.7,313.703,0,0,0,0,cum_CO2_flux_ug_g
Crop,Miscanthus,114,Nitrogen,2211.896,1081.536,312.213,-144.267,-5.164,-1.491,-6.123,cum_CO2_flux_ug_g
Crop,Miscanthus,132,Carbon,2798.261,1174.266,338.981,160.668,-40.29,-11.631,6.091,cum_CO2_flux_ug_g
Crop,Miscanthus,132,Control,2637.593,1214.556,350.612,0,0,0,0,cum_CO2_flux_ug_g
Crop,Miscanthus,132,Nitrogen,2474.511,1194.192,344.733,-163.082,-20.364,-5.879,-6.183,cum_CO2_flux_ug_g
Crop,Miscanthus,146,Carbon,3020.635,1259.949,363.716,175.026,-44.334,-12.798,6.151,cum_CO2_flux_ug_g
Crop,Miscanthus,146,Control,2845.609,1304.283,376.514,0,0,0,0,cum_CO2_flux_ug_g
Crop,Miscanthus,146,Nitrogen,2684.786,1279.16,369.262,-160.823,-25.124,-7.253,-5.652,cum_CO2_flux_ug_g
Treatment,0N,0,Carbon,0,0,0,0,0,0,NA,cum_N2O_flux_ug_g
Treatment,0N,0,Control,0,0,0,0,0,0,NA,cum_N2O_flux_ug_g
Treatment,0N,0,Nitrogen,0,0,0,0,0,0,NA,cum_N2O_flux_ug_g
Treatment,0N,4,Carbon,-0.243,0.673,0.238,-0.208,0.582,0.206,603.24,cum_N2O_flux_ug_g
Treatment,0N,4,Control,-0.035,0.09,0.032,0,0,0,0,cum_N2O_flux_ug_g
Treatment,0N,4,Nitrogen,0.062,0.071,0.025,0.096,-0.02,-0.007,-279.579,cum_N2O_flux_ug_g
Treatment,0N,15,Carbon,-0.904,2.521,0.891,-0.785,2.179,0.771,661.994,cum_N2O_flux_ug_g
Treatment,0N,15,Control,-0.119,0.342,0.121,0,0,0,0,cum_N2O_flux_ug_g
Treatment,0N,15,Nitrogen,0.174,0.302,0.107,0.293,-0.04,-0.014,-246.743,cum_N2O_flux_ug_g
Treatment,0N,30,Carbon,-0.887,2.52,0.891,-0.818,2.14,0.757,1186.595,cum_N2O_flux_ug_g
Treatment,0N,30,Control,-0.069,0.38,0.134,0,0,0,0,cum_N2O_flux_ug_g
Treatment,0N,30,Nitrogen,0.548,1.192,0.421,0.617,0.812,0.287,-894.758,cum_N2O_flux_ug_g
Treatment,0N,59,Carbon,-0.755,2.567,0.907,-0.871,1.937,0.685,-752.138,cum_N2O_flux_ug_g
Treatment,0N,59,Control,0.116,0.629,0.223,0,0,0,0,cum_N2O_flux_ug_g
Treatment,0N,59,Nitrogen,1.54,3.27,1.156,1.425,2.641,0.934,1230.409,cum_N2O_flux_ug_g
Treatment,0N,86,Carbon,-0.54,2.697,0.954,-0.935,1.576,0.557,-236.972,cum_N2O_flux_ug_g
Treatment,0N,86,Control,0.394,1.121,0.397,0,0,0,0,cum_N2O_flux_ug_g
Treatment,0N,86,Nitrogen,2.201,4.242,1.5,1.807,3.121,1.103,458.182,cum_N2O_flux_ug_g
Treatment,0N,113,Carbon,-0.269,2.913,1.03,-1.001,1.098,0.388,-136.786,cum_N2O_flux_ug_g
Treatment,0N,113,Control,0.732,1.814,0.642,0,0,0,0,cum_N2O_flux_ug_g
Treatment,0N,113,Nitrogen,2.619,4.416,1.561,1.887,2.601,0.92,257.784,cum_N2O_flux_ug_g
Treatment,0N,144,Carbon,0.006,3.278,1.159,-1.048,0.72,0.255,-99.433,cum_N2O_flux_ug_g
Treatment,0N,144,Control,1.054,2.558,0.904,0,0,0,0,cum_N2O_flux_ug_g
Treatment,0N,144,Nitrogen,2.992,4.65,1.644,1.938,2.093,0.74,183.782,cum_N2O_flux_ug_g
Treatment,112N,0,Carbon,0,0,0,0,0,0,NA,cum_N2O_flux_ug_g
Treatment,112N,0,Control,0,0,0,0,0,0,NA,cum_N2O_flux_ug_g
Treatment,112N,0,Nitrogen,0,0,0,0,0,0,NA,cum_N2O_flux_ug_g
Treatment,112N,4,Carbon,0.267,0.504,0.178,-0.246,-0.938,-0.332,-47.897,cum_N2O_flux_ug_g
Treatment,112N,4,Control,0.513,1.441,0.51,0,0,0,0,cum_N2O_flux_ug_g
Treatment,112N,4,Nitrogen,0.63,1.669,0.59,0.117,0.227,0.08,22.88,cum_N2O_flux_ug_g
Treatment,112N,15,Carbon,0.294,0.556,0.197,-1.569,-4.293,-1.518,-84.21,cum_N2O_flux_ug_g
Treatment,112N,15,Control,1.863,4.849,1.714,0,0,0,0,cum_N2O_flux_ug_g
Treatment,112N,15,Nitrogen,2.415,5.911,2.09,0.552,1.062,0.375,29.606,cum_N2O_flux_ug_g
Treatment,112N,30,Carbon,0.322,0.559,0.198,-2.63,-6.744,-2.384,-89.105,cum_N2O_flux_ug_g
Treatment,112N,30,Control,2.951,7.303,2.582,0,0,0,0,cum_N2O_flux_ug_g
Treatment,112N,30,Nitrogen,4.273,10.15,3.589,1.322,2.847,1.007,44.78,cum_N2O_flux_ug_g
Treatment,112N,59,Carbon,0.363,0.544,0.193,-3.266,-8.238,-2.912,-89.998,cum_N2O_flux_ug_g
Treatment,112N,59,Control,3.629,8.782,3.105,0,0,0,0,cum_N2O_flux_ug_g
Treatment,112N,59,Nitrogen,6.127,14.839,5.246,2.498,6.057,2.141,68.828,cum_N2O_flux_ug_g
Treatment,112N,86,Carbon,0.615,1.096,0.387,-3.395,-7.698,-2.722,-84.665,cum_N2O_flux_ug_g
Treatment,112N,86,Control,4.01,8.794,3.109,0,0,0,0,cum_N2O_flux_ug_g
Treatment,112N,86,Nitrogen,6.843,16.569,5.858,2.833,7.775,2.749,70.633,cum_N2O_flux_ug_g
Treatment,112N,113,Carbon,1.075,2.222,0.786,-3.549,-6.689,-2.365,-76.746,cum_N2O_flux_ug_g
Treatment,112N,113,Control,4.624,8.91,3.15,0,0,0,0,cum_N2O_flux_ug_g
Treatment,112N,113,Nitrogen,7.215,16.904,5.976,2.591,7.993,2.826,56.019,cum_N2O_flux_ug_g
Treatment,112N,144,Carbon,1.49,3.403,1.203,-3.854,-5.98,-2.114,-72.12,cum_N2O_flux_ug_g
Treatment,112N,144,Control,5.344,9.383,3.317,0,0,0,0,cum_N2O_flux_ug_g
Treatment,112N,144,Nitrogen,7.526,16.794,5.938,2.182,7.411,2.62,40.822,cum_N2O_flux_ug_g
Treatment,336N,0,Carbon,0,0,0,0,0,0,NA,cum_N2O_flux_ug_g
Treatment,336N,0,Control,0,0,0,0,0,0,NA,cum_N2O_flux_ug_g
Treatment,336N,0,Nitrogen,0,0,0,0,0,0,NA,cum_N2O_flux_ug_g
Treatment,336N,4,Carbon,0.622,1.025,0.362,0.552,0.889,0.314,787.825,cum_N2O_flux_ug_g
Treatment,336N,4,Control,0.07,0.135,0.048,0,0,0,0,cum_N2O_flux_ug_g
Treatment,336N,4,Nitrogen,0.212,0.454,0.16,0.142,0.318,0.113,202.629,cum_N2O_flux_ug_g
Treatment,336N,15,Carbon,1.447,2.951,1.043,1.178,2.409,0.852,438.177,cum_N2O_flux_ug_g
Treatment,336N,15,Control,0.269,0.542,0.192,0,0,0,0,cum_N2O_flux_ug_g
Treatment,336N,15,Nitrogen,1.218,3.189,1.128,0.95,2.647,0.936,353.123,cum_N2O_flux_ug_g
Treatment,336N,30,Carbon,2.934,6.689,2.365,2.345,5.629,1.99,398.546,cum_N2O_flux_ug_g
Treatment,336N,30,Control,0.589,1.059,0.375,0,0,0,0,cum_N2O_flux_ug_g
Treatment,336N,30,Nitrogen,2.607,7.003,2.476,2.018,5.944,2.102,342.987,cum_N2O_flux_ug_g
Treatment,336N,59,Carbon,5.389,12.044,4.258,2.271,7.563,2.674,72.834,cum_N2O_flux_ug_g
Treatment,336N,59,Control,3.118,4.481,1.584,0,0,0,0,cum_N2O_flux_ug_g
Treatment,336N,59,Nitrogen,4.765,12.292,4.346,1.647,7.812,2.762,52.821,cum_N2O_flux_ug_g
Treatment,336N,86,Carbon,7.386,16.01,5.66,0.042,5.575,1.971,0.57,cum_N2O_flux_ug_g
Treatment,336N,86,Control,7.344,10.434,3.689,0,0,0,0,cum_N2O_flux_ug_g
Treatment,336N,86,Nitrogen,6.887,16.15,5.71,-0.458,5.715,2.021,-6.232,cum_N2O_flux_ug_g
Treatment,336N,113,Carbon,9.207,19.557,6.914,-2.78,2.537,0.897,-23.189,cum_N2O_flux_ug_g
Treatment,336N,113,Control,11.987,17.02,6.017,0,0,0,0,cum_N2O_flux_ug_g
Treatment,336N,113,Nitrogen,9.426,20.104,7.108,-2.56,3.085,1.091,-21.359,cum_N2O_flux_ug_g
Treatment,336N,144,Carbon,11.093,23.412,8.277,-5.564,-0.24,-0.085,-33.404,cum_N2O_flux_ug_g
Treatment,336N,144,Control,16.657,23.652,8.362,0,0,0,0,cum_N2O_flux_ug_g
Treatment,336N,144,Nitrogen,12.427,24.808,8.771,-4.23,1.156,0.409,-25.392,cum_N2O_flux_ug_g
Crop,Corn,0,Carbon,0,0,0,0,0,0,NA,cum_N2O_flux_ug_g
Crop,Corn,0,Control,0,0,0,0,0,0,NA,cum_N2O_flux_ug_g
Crop,Corn,0,Nitrogen,0,0,0,0,0,0,NA,cum_N2O_flux_ug_g
Crop,Corn,4,Carbon,0.151,0.912,0.263,0.161,0.823,0.238,-1576.661,cum_N2O_flux_ug_g
Crop,Corn,4,Control,-0.01,0.088,0.026,0,0,0,0,cum_N2O_flux_ug_g
Crop,Corn,4,Nitrogen,0.073,0.078,0.023,0.083,-0.01,-0.003,-814.005,cum_N2O_flux_ug_g
Crop,Corn,15,Carbon,-0.259,2.278,0.657,-0.308,1.826,0.527,-638.504,cum_N2O_flux_ug_g
Crop,Corn,15,Control,0.048,0.452,0.131,0,0,0,0,cum_N2O_flux_ug_g
Crop,Corn,15,Nitrogen,0.286,0.684,0.197,0.238,0.232,0.067,494.487,cum_N2O_flux_ug_g
Crop,Corn,30,Carbon,-0.241,2.277,0.657,-0.486,1.423,0.411,-198.308,cum_N2O_flux_ug_g
Crop,Corn,30,Control,0.245,0.854,0.246,0,0,0,0,cum_N2O_flux_ug_g
Crop,Corn,30,Nitrogen,0.569,1.472,0.425,0.324,0.618,0.178,132.036,cum_N2O_flux_ug_g
Crop,Corn,59,Carbon,-0.192,2.283,0.659,-1.035,0.213,0.062,-122.746,cum_N2O_flux_ug_g
Crop,Corn,59,Control,0.843,2.07,0.597,0,0,0,0,cum_N2O_flux_ug_g
Crop,Corn,59,Nitrogen,0.837,1.844,0.532,-0.006,-0.226,-0.065,-0.724,cum_N2O_flux_ug_g
Crop,Corn,86,Carbon,0.057,2.485,0.717,-1.851,-2.035,-0.588,-96.991,cum_N2O_flux_ug_g
Crop,Corn,86,Control,1.908,4.52,1.305,0,0,0,0,cum_N2O_flux_ug_g
Crop,Corn,86,Nitrogen,1.247,2.069,0.597,-0.661,-2.451,-0.707,-34.63,cum_N2O_flux_ug_g
Crop,Corn,113,Carbon,0.534,3.116,0.899,-2.699,-4.225,-1.22,-83.481,cum_N2O_flux_ug_g
Crop,Corn,113,Control,3.233,7.341,2.119,0,0,0,0,cum_N2O_flux_ug_g
Crop,Corn,113,Nitrogen,1.987,2.651,0.765,-1.246,-4.689,-1.354,-38.538,cum_N2O_flux_ug_g
Crop,Corn,144,Carbon,1.022,3.965,1.145,-3.664,-6.537,-1.887,-78.19,cum_N2O_flux_ug_g
Crop,Corn,144,Control,4.685,10.503,3.032,0,0,0,0,cum_N2O_flux_ug_g
Crop,Corn,144,Nitrogen,2.807,3.684,1.064,-1.878,-6.818,-1.968,-40.083,cum_N2O_flux_ug_g
Crop,Miscanthus,0,Carbon,0,0,0,0,0,0,NA,cum_N2O_flux_ug_g
Crop,Miscanthus,0,Control,0,0,0,0,0,0,NA,cum_N2O_flux_ug_g
Crop,Miscanthus,0,Nitrogen,0,0,0,0,0,0,NA,cum_N2O_flux_ug_g
Crop,Miscanthus,4,Carbon,0.28,0.743,0.214,-0.096,-0.429,-0.124,-25.56,cum_N2O_flux_ug_g
Crop,Miscanthus,4,Control,0.376,1.172,0.338,0,0,0,0,cum_N2O_flux_ug_g
Crop,Miscanthus,4,Nitrogen,0.53,1.383,0.399,0.154,0.211,0.061,40.928,cum_N2O_flux_ug_g
Crop,Miscanthus,15,Carbon,0.818,2.444,0.705,-0.477,-1.528,-0.441,-36.821,cum_N2O_flux_ug_g
Crop,Miscanthus,15,Control,1.294,3.972,1.147,0,0,0,0,cum_N2O_flux_ug_g
Crop,Miscanthus,15,Nitrogen,2.252,5.293,1.528,0.958,1.321,0.381,73.998,cum_N2O_flux_ug_g
Crop,Miscanthus,30,Carbon,1.82,5.546,1.601,-0.249,-0.443,-0.128,-12.037,cum_N2O_flux_ug_g
Crop,Miscanthus,30,Control,2.069,5.989,1.729,0,0,0,0,cum_N2O_flux_ug_g
Crop,Miscanthus,30,Nitrogen,4.383,9.625,2.778,2.314,3.636,1.05,111.876,cum_N2O_flux_ug_g
Crop,Miscanthus,59,Carbon,3.523,9.977,2.88,-0.209,2.327,0.672,-5.596,cum_N2O_flux_ug_g
Crop,Miscanthus,59,Control,3.732,7.65,2.208,0,0,0,0,cum_N2O_flux_ug_g
Crop,Miscanthus,59,Nitrogen,7.451,14.963,4.319,3.719,7.314,2.111,99.655,cum_N2O_flux_ug_g
Crop,Miscanthus,86,Carbon,4.917,13.271,3.831,-1.008,2.896,0.836,-17.016,cum_N2O_flux_ug_g
Crop,Miscanthus,86,Control,5.925,10.375,2.995,0,0,0,0,cum_N2O_flux_ug_g
Crop,Miscanthus,86,Nitrogen,9.373,17.954,5.183,3.449,7.58,2.188,58.208,cum_N2O_flux_ug_g
Crop,Miscanthus,113,Carbon,6.141,16.227,4.684,-2.188,1.516,0.438,-26.268,cum_N2O_flux_ug_g
Crop,Miscanthus,113,Control,8.329,14.711,4.247,0,0,0,0,cum_N2O_flux_ug_g
Crop,Miscanthus,113,Nitrogen,10.854,20.471,5.91,2.524,5.76,1.663,30.305,cum_N2O_flux_ug_g
Crop,Miscanthus,144,Carbon,7.371,19.442,5.612,-3.314,-0.071,-0.02,-31.018,cum_N2O_flux_ug_g
Crop,Miscanthus,144,Control,10.685,19.513,5.633,0,0,0,0,cum_N2O_flux_ug_g
Crop,Miscanthus,144,Nitrogen,12.49,23.507,6.786,1.805,3.994,1.153,16.89,cum_N2O_flux_ug_g
Treatment,0N,0,Carbon,0,0,0,0,0,0,NA,net_min_rate_rel
Treatment,0N,0,Control,0,0,0,0,0,0,NA,net_min_rate_rel
Treatment,0N,0,Nitrogen,0,0,0,0,0,0,NA,net_min_rate_rel
Treatment,0N,4,Carbon,-1.171,0.873,0.309,-1.863,-3.799,-1.343,-269.296,net_min_rate_rel
Treatment,0N,4,Control,0.692,4.672,1.652,0,0,0,0,net_min_rate_rel
Treatment,0N,4,Nitrogen,2.497,2.965,1.048,1.805,-1.707,-0.604,260.917,net_min_rate_rel
Treatment,0N,15,Carbon,-0.345,0.19,0.067,0.578,-1.308,-0.463,-62.607,net_min_rate_rel
Treatment,0N,15,Control,-0.923,1.498,0.53,0,0,0,0,net_min_rate_rel
Treatment,0N,15,Nitrogen,-0.585,0.836,0.296,0.338,-0.662,-0.234,-36.591,net_min_rate_rel
Treatment,0N,30,Carbon,0.873,0.519,0.183,-0.187,-0.216,-0.077,-17.641,net_min_rate_rel
Treatment,0N,30,Control,1.06,0.735,0.26,0,0,0,0,net_min_rate_rel
Treatment,0N,30,Nitrogen,2.086,1.146,0.405,1.027,0.411,0.145,96.917,net_min_rate_rel
Treatment,0N,59,Carbon,1.246,0.708,0.25,-0.253,-0.042,-0.015,-16.891,net_min_rate_rel
Treatment,0N,59,Control,1.5,0.75,0.265,0,0,0,0,net_min_rate_rel
Treatment,0N,59,Nitrogen,1.509,0.917,0.324,0.009,0.168,0.059,0.621,net_min_rate_rel
Treatment,0N,86,Carbon,0.988,0.953,0.337,-0.232,-0.26,-0.092,-19.022,net_min_rate_rel
Treatment,0N,86,Control,1.22,1.213,0.429,0,0,0,0,net_min_rate_rel
Treatment,0N,86,Nitrogen,1.237,1.258,0.445,0.017,0.045,0.016,1.408,net_min_rate_rel
Treatment,0N,113,Carbon,2.74,2.052,0.726,-0.085,0.386,0.136,-3.019,net_min_rate_rel
Treatment,0N,113,Control,2.825,1.667,0.589,0,0,0,0,net_min_rate_rel
Treatment,0N,113,Nitrogen,1.519,3.416,1.208,-1.306,1.749,0.618,-46.241,net_min_rate_rel
Treatment,0N,144,Carbon,0.162,1.455,0.514,0.01,0.073,0.026,6.736,net_min_rate_rel
Treatment,0N,144,Control,0.152,1.382,0.489,0,0,0,0,net_min_rate_rel
Treatment,0N,144,Nitrogen,2.357,4.835,1.71,2.205,3.453,1.221,1454.562,net_min_rate_rel
Treatment,112N,0,Carbon,0,0,0,0,0,0,NA,net_min_rate_rel
Treatment,112N,0,Control,0,0,0,0,0,0,NA,net_min_rate_rel
Treatment,112N,0,Nitrogen,0,0,0,0,0,0,NA,net_min_rate_rel
Treatment,112N,4,Carbon,-5.417,6.441,2.277,-4.289,1.777,0.628,380.489,net_min_rate_rel
Treatment,112N,4,Control,-1.127,4.664,1.649,0,0,0,0,net_min_rate_rel
Treatment,112N,4,Nitrogen,2.572,3.504,1.239,3.7,-1.16,-0.41,-328.176,net_min_rate_rel
Treatment,112N,15,Carbon,-0.219,0.37,0.131,-0.039,-1.172,-0.414,21.822,net_min_rate_rel
Treatment,112N,15,Control,-0.18,1.541,0.545,0,0,0,0,net_min_rate_rel
Treatment,112N,15,Nitrogen,-1.153,2.006,0.709,-0.974,0.464,0.164,541.992,net_min_rate_rel
Treatment,112N,30,Carbon,1.157,0.914,0.323,-0.414,0.157,0.056,-26.339,net_min_rate_rel
Treatment,112N,30,Control,1.571,0.756,0.267,0,0,0,0,net_min_rate_rel
Treatment,112N,30,Nitrogen,3.029,1.839,0.65,1.458,1.083,0.383,92.835,net_min_rate_rel
Treatment,112N,59,Carbon,1.039,0.909,0.321,0.045,-0.445,-0.158,4.568,net_min_rate_rel
Treatment,112N,59,Control,0.993,1.354,0.479,0,0,0,0,net_min_rate_rel
Treatment,112N,59,Nitrogen,1.522,1.312,0.464,0.529,-0.043,-0.015,53.22,net_min_rate_rel
Treatment,112N,86,Carbon,1.255,1.259,0.445,-0.734,-0.419,-0.148,-36.895,net_min_rate_rel
Treatment,112N,86,Control,1.989,1.678,0.593,0,0,0,0,net_min_rate_rel
Treatment,112N,86,Nitrogen,1.152,1.509,0.534,-0.837,-0.169,-0.06,-42.083,net_min_rate_rel
Treatment,112N,113,Carbon,2.75,2.012,0.712,0.566,0.482,0.171,25.942,net_min_rate_rel
Treatment,112N,113,Control,2.184,1.53,0.541,0,0,0,0,net_min_rate_rel
Treatment,112N,113,Nitrogen,2.303,1.566,0.554,0.12,0.036,0.013,5.474,net_min_rate_rel
Treatment,112N,144,Carbon,-0.007,1.372,0.485,0.316,0.176,0.062,-97.916,net_min_rate_rel
Treatment,112N,144,Control,-0.322,1.197,0.423,0,0,0,0,net_min_rate_rel
Treatment,112N,144,Nitrogen,-0.533,2.085,0.737,-0.211,0.888,0.314,65.363,net_min_rate_rel
Treatment,336N,0,Carbon,0,0,0,0,0,0,NA,net_min_rate_rel
Treatment,336N,0,Control,0,0,0,0,0,0,NA,net_min_rate_rel
Treatment,336N,0,Nitrogen,0,0,0,0,0,0,NA,net_min_rate_rel
Treatment,336N,4,Carbon,-3.83,4.226,1.494,-4.53,0.422,0.149,-647.139,net_min_rate_rel
Treatment,336N,4,Control,0.7,3.804,1.345,0,0,0,0,net_min_rate_rel
Treatment,336N,4,Nitrogen,1.669,7.758,2.743,0.969,3.954,1.398,138.483,net_min_rate_rel
Treatment,336N,15,Carbon,-0.915,1.617,0.572,-0.359,-0.576,-0.204,64.612,net_min_rate_rel
Treatment,336N,15,Control,-0.556,2.193,0.775,0,0,0,0,net_min_rate_rel
Treatment,336N,15,Nitrogen,-1.846,2.804,0.991,-1.29,0.611,0.216,232.025,net_min_rate_rel
Treatment,336N,30,Carbon,1.827,2.109,0.746,-0.27,0.414,0.146,-12.889,net_min_rate_rel
Treatment,336N,30,Control,2.098,1.695,0.599,0,0,0,0,net_min_rate_rel
Treatment,336N,30,Nitrogen,3.474,1.835,0.649,1.376,0.14,0.05,65.594,net_min_rate_rel
Treatment,336N,59,Carbon,1.321,0.672,0.238,0.782,-0.277,-0.098,144.827,net_min_rate_rel
Treatment,336N,59,Control,0.54,0.949,0.335,0,0,0,0,net_min_rate_rel
Treatment,336N,59,Nitrogen,0.549,1,0.354,0.01,0.051,0.018,1.786,net_min_rate_rel
Treatment,336N,86,Carbon,1.759,1.095,0.387,0.006,-0.682,-0.241,0.368,net_min_rate_rel
Treatment,336N,86,Control,1.752,1.777,0.628,0,0,0,0,net_min_rate_rel
Treatment,336N,86,Nitrogen,1.296,1.892,0.669,-0.456,0.114,0.04,-26.046,net_min_rate_rel
Treatment,336N,113,Carbon,2.585,2.071,0.732,-0.163,-0.015,-0.005,-5.923,net_min_rate_rel
Treatment,336N,113,Control,2.748,2.086,0.738,0,0,0,0,net_min_rate_rel
Treatment,336N,113,Nitrogen,2.822,1.197,0.423,0.074,-0.889,-0.314,2.684,net_min_rate_rel
Treatment,336N,144,Carbon,-1.028,1.604,0.567,-0.429,0.008,0.003,71.748,net_min_rate_rel
Treatment,336N,144,Control,-0.598,1.596,0.564,0,0,0,0,net_min_rate_rel
Treatment,336N,144,Nitrogen,-0.528,1.792,0.634,0.07,0.196,0.069,-11.775,net_min_rate_rel
Treatment,0N,0,Carbon,0,0,0,0,0,0,NA,net_min_rate_abs
Treatment,0N,0,Control,0,0,0,0,0,0,NA,net_min_rate_abs
Treatment,0N,0,Nitrogen,0,0,0,0,0,0,NA,net_min_rate_abs
Treatment,0N,4,Carbon,-1.171,0.873,0.309,-1.863,-3.799,-1.343,-269.296,net_min_rate_abs
Treatment,0N,4,Control,0.692,4.672,1.652,0,0,0,0,net_min_rate_abs
Treatment,0N,4,Nitrogen,2.497,2.965,1.048,1.805,-1.707,-0.604,260.917,net_min_rate_abs
Treatment,0N,15,Carbon,-0.771,0.4,0.142,-0.1,0.066,0.023,14.891,net_min_rate_abs
Treatment,0N,15,Control,-0.671,0.334,0.118,0,0,0,0,net_min_rate_abs
Treatment,0N,15,Nitrogen,0.323,1.732,0.612,0.994,1.397,0.494,-148.141,net_min_rate_abs
Treatment,0N,30,Carbon,0.307,0.658,0.233,-0.26,-0.216,-0.076,-45.849,net_min_rate_abs
Treatment,0N,30,Control,0.567,0.874,0.309,0,0,0,0,net_min_rate_abs
Treatment,0N,30,Nitrogen,2.323,1.642,0.581,1.756,0.768,0.271,309.404,net_min_rate_abs
Treatment,0N,59,Carbon,1.405,0.882,0.312,-0.388,-0.213,-0.075,-21.631,net_min_rate_abs
Treatment,0N,59,Control,1.793,1.095,0.387,0,0,0,0,net_min_rate_abs
Treatment,0N,59,Nitrogen,2.711,1.305,0.461,0.917,0.21,0.074,51.161,net_min_rate_abs
Treatment,0N,86,Carbon,2.497,1.288,0.455,-0.649,-0.471,-0.166,-20.619,net_min_rate_abs
Treatment,0N,86,Control,3.146,1.759,0.622,0,0,0,0,net_min_rate_abs
Treatment,0N,86,Nitrogen,4.149,2.424,0.857,1.003,0.666,0.235,31.87,net_min_rate_abs
Treatment,0N,113,Carbon,5.237,3.085,1.091,-0.734,-0.212,-0.075,-12.292,net_min_rate_abs
Treatment,0N,113,Control,5.971,3.297,1.166,0,0,0,0,net_min_rate_abs
Treatment,0N,113,Nitrogen,5.667,4.15,1.467,-0.304,0.853,0.302,-5.088,net_min_rate_abs
Treatment,0N,144,Carbon,4.723,2.047,0.724,-0.629,-0.454,-0.161,-11.753,net_min_rate_abs
Treatment,0N,144,Control,5.352,2.501,0.884,0,0,0,0,net_min_rate_abs
Treatment,0N,144,Nitrogen,7.293,5.039,1.781,1.941,2.537,0.897,36.263,net_min_rate_abs
Treatment,112N,0,Carbon,0,0,0,0,0,0,NA,net_min_rate_abs
Treatment,112N,0,Control,0,0,0,0,0,0,NA,net_min_rate_abs
Treatment,112N,0,Nitrogen,0,0,0,0,0,0,NA,net_min_rate_abs
Treatment,112N,4,Carbon,-5.417,6.441,2.277,-4.289,1.777,0.628,380.489,net_min_rate_abs
Treatment,112N,4,Control,-1.127,4.664,1.649,0,0,0,0,net_min_rate_abs
Treatment,112N,4,Nitrogen,2.572,3.504,1.239,3.7,-1.16,-0.41,-328.176,net_min_rate_abs
Treatment,112N,15,Carbon,-2.189,2.191,0.775,-1.599,1.675,0.592,271.2,net_min_rate_abs
Treatment,112N,15,Control,-0.59,0.516,0.182,0,0,0,0,net_min_rate_abs
Treatment,112N,15,Nitrogen,-0.218,2.077,0.734,0.372,1.561,0.552,-63.028,net_min_rate_abs
Treatment,112N,30,Carbon,-0.448,1.023,0.362,-1.586,0.428,0.151,-139.341,net_min_rate_abs
Treatment,112N,30,Control,1.138,0.595,0.211,0,0,0,0,net_min_rate_abs
Treatment,112N,30,Nitrogen,2.869,0.873,0.308,1.731,0.277,0.098,152.029,net_min_rate_abs
Treatment,112N,59,Carbon,0.807,1.003,0.355,-0.775,-0.506,-0.179,-48.992,net_min_rate_abs
Treatment,112N,59,Control,1.582,1.509,0.534,0,0,0,0,net_min_rate_abs
Treatment,112N,59,Nitrogen,3.006,1.504,0.532,1.424,-0.005,-0.002,89.995,net_min_rate_abs
Treatment,112N,86,Carbon,2.122,1.997,0.706,-1.566,-0.034,-0.012,-42.469,net_min_rate_abs
Treatment,112N,86,Control,3.688,2.031,0.718,0,0,0,0,net_min_rate_abs
Treatment,112N,86,Nitrogen,4.381,2.116,0.748,0.693,0.085,0.03,18.777,net_min_rate_abs
Treatment,112N,113,Carbon,4.872,3.673,1.298,-1,0.218,0.077,-17.028,net_min_rate_abs
Treatment,112N,113,Control,5.872,3.454,1.221,0,0,0,0,net_min_rate_abs
Treatment,112N,113,Nitrogen,6.684,2.984,1.055,0.812,-0.47,-0.166,13.83,net_min_rate_abs
Treatment,112N,144,Carbon,4.236,3.37,1.192,-0.555,-0.1,-0.035,-11.587,net_min_rate_abs
Treatment,112N,144,Control,4.792,3.47,1.227,0,0,0,0,net_min_rate_abs
Treatment,112N,144,Nitrogen,5.288,3.414,1.207,0.497,-0.057,-0.02,10.363,net_min_rate_abs
Treatment,336N,0,Carbon,0,0,0,0,0,0,NA,net_min_rate_abs
Treatment,336N,0,Control,0,0,0,0,0,0,NA,net_min_rate_abs
Treatment,336N,0,Nitrogen,0,0,0,0,0,0,NA,net_min_rate_abs
Treatment,336N,4,Carbon,-3.83,4.226,1.494,-4.53,0.422,0.149,-647.139,net_min_rate_abs
Treatment,336N,4,Control,0.7,3.804,1.345,0,0,0,0,net_min_rate_abs
Treatment,336N,4,Nitrogen,1.669,7.758,2.743,0.969,3.954,1.398,138.483,net_min_rate_abs
Treatment,336N,15,Carbon,-2.308,1.085,0.383,-2.007,-2.153,-0.761,665.819,net_min_rate_abs
Treatment,336N,15,Control,-0.301,3.238,1.145,0,0,0,0,net_min_rate_abs
Treatment,336N,15,Nitrogen,-1.239,2.385,0.843,-0.937,-0.853,-0.302,311.038,net_min_rate_abs
Treatment,336N,30,Carbon,0.135,1.748,0.618,-1.742,0.532,0.188,-92.81,net_min_rate_abs
Treatment,336N,30,Control,1.877,1.216,0.43,0,0,0,0,net_min_rate_abs
Treatment,336N,30,Nitrogen,2.565,0.714,0.252,0.689,-0.502,-0.178,36.692,net_min_rate_abs
Treatment,336N,59,Carbon,1.391,0.818,0.289,-0.119,-0.264,-0.093,-7.896,net_min_rate_abs
Treatment,336N,59,Control,1.511,1.082,0.383,0,0,0,0,net_min_rate_abs
Treatment,336N,59,Nitrogen,1.876,1.104,0.39,0.366,0.021,0.008,24.219,net_min_rate_abs
Treatment,336N,86,Carbon,3.253,1.724,0.61,-0.122,-0.59,-0.209,-3.605,net_min_rate_abs
Treatment,336N,86,Control,3.375,2.314,0.818,0,0,0,0,net_min_rate_abs
Treatment,336N,86,Nitrogen,3.311,1.67,0.59,-0.063,-0.644,-0.228,-1.88,net_min_rate_abs
Treatment,336N,113,Carbon,5.838,2.745,0.971,-0.284,-0.732,-0.259,-4.645,net_min_rate_abs
Treatment,336N,113,Control,6.123,3.477,1.229,0,0,0,0,net_min_rate_abs
Treatment,336N,113,Nitrogen,6.133,2.38,0.841,0.01,-1.097,-0.388,0.169,net_min_rate_abs
Treatment,336N,144,Carbon,4.057,3.271,1.156,-0.677,0.357,0.126,-14.3,net_min_rate_abs
Treatment,336N,144,Control,4.734,2.914,1.03,0,0,0,0,net_min_rate_abs
Treatment,336N,144,Nitrogen,4.814,2.497,0.883,0.079,-0.417,-0.148,1.678,net_min_rate_abs
Treatment,0N,0,Carbon,0,0,0,0,0,0,NA,net_nitr_rate_rel
Treatment,0N,0,Control,0,0,0,0,0,0,NA,net_nitr_rate_rel
Treatment,0N,0,Nitrogen,0,0,0,0,0,0,NA,net_nitr_rate_rel
Treatment,0N,4,Carbon,-0.573,0.434,0.154,-0.349,0.141,0.05,156.284,net_nitr_rate_rel
Treatment,0N,4,Control,-0.224,0.293,0.104,0,0,0,0,net_nitr_rate_rel
Treatment,0N,4,Nitrogen,3.569,2.685,0.949,3.792,2.392,0.846,-1696.31,net_nitr_rate_rel
Treatment,0N,15,Carbon,0.02,0.055,0.02,-0.031,-0.089,-0.031,-61.001,net_nitr_rate_rel
Treatment,0N,15,Control,0.051,0.144,0.051,0,0,0,0,net_nitr_rate_rel
Treatment,0N,15,Nitrogen,-0.162,0.785,0.277,-0.213,0.641,0.227,-420.25,net_nitr_rate_rel
Treatment,0N,30,Carbon,0.829,0.579,0.205,-0.189,-0.206,-0.073,-18.554,net_nitr_rate_rel
Treatment,0N,30,Control,1.018,0.784,0.277,0,0,0,0,net_nitr_rate_rel
Treatment,0N,30,Nitrogen,2.062,1.152,0.407,1.044,0.368,0.13,102.471,net_nitr_rate_rel
Treatment,0N,59,Carbon,1.217,0.782,0.276,-0.273,-0.034,-0.012,-18.295,net_nitr_rate_rel
Treatment,0N,59,Control,1.49,0.816,0.288,0,0,0,0,net_nitr_rate_rel
Treatment,0N,59,Nitrogen,1.498,0.956,0.338,0.009,0.141,0.05,0.576,net_nitr_rate_rel
Treatment,0N,86,Carbon,0.942,0.907,0.321,-0.216,-0.311,-0.11,-18.663,net_nitr_rate_rel
Treatment,0N,86,Control,1.159,1.219,0.431,0,0,0,0,net_nitr_rate_rel
Treatment,0N,86,Nitrogen,1.209,1.232,0.436,0.05,0.013,0.005,4.321,net_nitr_rate_rel
Treatment,0N,113,Carbon,2.718,1.975,0.698,-0.107,0.287,0.101,-3.773,net_nitr_rate_rel
Treatment,0N,113,Control,2.825,1.688,0.597,0,0,0,0,net_nitr_rate_rel
Treatment,0N,113,Nitrogen,1.451,3.499,1.237,-1.374,1.811,0.64,-48.633,net_nitr_rate_rel
Treatment,0N,144,Carbon,0.156,1.434,0.507,0.029,0.015,0.005,22.925,net_nitr_rate_rel
Treatment,0N,144,Control,0.127,1.419,0.502,0,0,0,0,net_nitr_rate_rel
Treatment,0N,144,Nitrogen,2.359,4.855,1.717,2.232,3.436,1.215,1758.877,net_nitr_rate_rel
Treatment,112N,0,Carbon,0,0,0,0,0,0,NA,net_nitr_rate_rel
Treatment,112N,0,Control,0,0,0,0,0,0,NA,net_nitr_rate_rel
Treatment,112N,0,Nitrogen,0,0,0,0,0,0,NA,net_nitr_rate_rel
Treatment,112N,4,Carbon,-4.768,5.806,2.053,-4.071,1.622,0.573,583.797,net_nitr_rate_rel
Treatment,112N,4,Control,-0.697,4.184,1.479,0,0,0,0,net_nitr_rate_rel
Treatment,112N,4,Nitrogen,3.357,2.993,1.058,4.054,-1.192,-0.421,-581.412,net_nitr_rate_rel
Treatment,112N,15,Carbon,0.11,0.257,0.091,-0.084,-1.132,-0.4,-43.115,net_nitr_rate_rel
Treatment,112N,15,Control,0.194,1.39,0.491,0,0,0,0,net_nitr_rate_rel
Treatment,112N,15,Nitrogen,-0.733,1.978,0.699,-0.927,0.588,0.208,-478.168,net_nitr_rate_rel
Treatment,112N,30,Carbon,1.14,0.931,0.329,-0.411,0.111,0.039,-26.507,net_nitr_rate_rel
Treatment,112N,30,Control,1.551,0.82,0.29,0,0,0,0,net_nitr_rate_rel
Treatment,112N,30,Nitrogen,3.018,1.83,0.647,1.466,1.01,0.357,94.522,net_nitr_rate_rel
Treatment,112N,59,Carbon,1.003,0.927,0.328,0.018,-0.385,-0.136,1.812,net_nitr_rate_rel
Treatment,112N,59,Control,0.985,1.312,0.464,0,0,0,0,net_nitr_rate_rel
Treatment,112N,59,Nitrogen,1.48,1.27,0.449,0.495,-0.042,-0.015,50.284,net_nitr_rate_rel
Treatment,112N,86,Carbon,1.197,1.242,0.439,-0.765,-0.402,-0.142,-38.988,net_nitr_rate_rel
Treatment,112N,86,Control,1.962,1.644,0.581,0,0,0,0,net_nitr_rate_rel
Treatment,112N,86,Nitrogen,1.154,1.495,0.528,-0.808,-0.149,-0.053,-41.185,net_nitr_rate_rel
Treatment,112N,113,Carbon,2.729,2.09,0.739,0.642,0.444,0.157,30.754,net_nitr_rate_rel
Treatment,112N,113,Control,2.087,1.647,0.582,0,0,0,0,net_nitr_rate_rel
Treatment,112N,113,Nitrogen,2.28,1.561,0.552,0.193,-0.086,-0.03,9.255,net_nitr_rate_rel
Treatment,112N,144,Carbon,-0.008,1.399,0.495,0.298,0.174,0.062,-97.462,net_nitr_rate_rel
Treatment,112N,144,Control,-0.306,1.225,0.433,0,0,0,0,net_nitr_rate_rel
Treatment,112N,144,Nitrogen,-0.598,2.096,0.741,-0.292,0.871,0.308,95.553,net_nitr_rate_rel
Treatment,336N,0,Carbon,0,0,0,0,0,0,NA,net_nitr_rate_rel
Treatment,336N,0,Control,0,0,0,0,0,0,NA,net_nitr_rate_rel
Treatment,336N,0,Nitrogen,0,0,0,0,0,0,NA,net_nitr_rate_rel
Treatment,336N,4,Carbon,-3.487,4.653,1.645,-5.116,0.557,0.197,-313.998,net_nitr_rate_rel
Treatment,336N,4,Control,1.629,4.096,1.448,0,0,0,0,net_nitr_rate_rel
Treatment,336N,4,Nitrogen,2.268,7.278,2.573,0.638,3.182,1.125,39.168,net_nitr_rate_rel
Treatment,336N,15,Carbon,-0.403,1.514,0.535,-0.228,-0.856,-0.303,130.135,net_nitr_rate_rel
Treatment,336N,15,Control,-0.175,2.37,0.838,0,0,0,0,net_nitr_rate_rel
Treatment,336N,15,Nitrogen,-1.373,2.499,0.883,-1.198,0.129,0.046,683.635,net_nitr_rate_rel
Treatment,336N,30,Carbon,1.865,2.158,0.763,-0.219,0.452,0.16,-10.493,net_nitr_rate_rel
Treatment,336N,30,Control,2.084,1.706,0.603,0,0,0,0,net_nitr_rate_rel
Treatment,336N,30,Nitrogen,3.564,1.811,0.64,1.48,0.105,0.037,70.996,net_nitr_rate_rel
Treatment,336N,59,Carbon,1.351,0.632,0.224,0.771,-0.335,-0.119,133.128,net_nitr_rate_rel
Treatment,336N,59,Control,0.579,0.968,0.342,0,0,0,0,net_nitr_rate_rel
Treatment,336N,59,Nitrogen,0.59,0.979,0.346,0.011,0.011,0.004,1.833,net_nitr_rate_rel
Treatment,336N,86,Carbon,1.704,1.102,0.39,-0.006,-0.652,-0.231,-0.366,net_nitr_rate_rel
Treatment,336N,86,Control,1.711,1.754,0.62,0,0,0,0,net_nitr_rate_rel
Treatment,336N,86,Nitrogen,1.26,1.88,0.665,-0.45,0.126,0.044,-26.326,net_nitr_rate_rel
Treatment,336N,113,Carbon,2.591,2.075,0.734,-0.143,-0.01,-0.003,-5.213,net_nitr_rate_rel
Treatment,336N,113,Control,2.734,2.084,0.737,0,0,0,0,net_nitr_rate_rel
Treatment,336N,113,Nitrogen,2.802,1.199,0.424,0.068,-0.886,-0.313,2.496,net_nitr_rate_rel
Treatment,336N,144,Carbon,-1.118,1.653,0.584,-0.354,0.012,0.004,46.375,net_nitr_rate_rel
Treatment,336N,144,Control,-0.763,1.641,0.58,0,0,0,0,net_nitr_rate_rel
Treatment,336N,144,Nitrogen,-0.602,1.824,0.645,0.162,0.183,0.065,-21.196,net_nitr_rate_rel
Treatment,0N,0,Carbon,0,0,0,0,0,0,NA,net_nitr_rate_abs
Treatment,0N,0,Control,0,0,0,0,0,0,NA,net_nitr_rate_abs
Treatment,0N,0,Nitrogen,0,0,0,0,0,0,NA,net_nitr_rate_abs
Treatment,0N,4,Carbon,-0.573,0.434,0.154,-0.349,0.141,0.05,156.284,net_nitr_rate_abs
Treatment,0N,4,Control,-0.224,0.293,0.104,0,0,0,0,net_nitr_rate_abs
Treatment,0N,4,Nitrogen,3.569,2.685,0.949,3.792,2.392,0.846,-1696.31,net_nitr_rate_abs
Treatment,0N,15,Carbon,-0.189,0.174,0.062,-0.158,0.008,0.003,515.4,net_nitr_rate_abs
Treatment,0N,15,Control,-0.031,0.166,0.059,0,0,0,0,net_nitr_rate_abs
Treatment,0N,15,Nitrogen,1.136,1.521,0.538,1.166,1.354,0.479,-3805.312,net_nitr_rate_abs
Treatment,0N,30,Carbon,0.691,0.64,0.226,-0.305,-0.242,-0.085,-30.604,net_nitr_rate_abs
Treatment,0N,30,Control,0.996,0.881,0.312,0,0,0,0,net_nitr_rate_abs
Treatment,0N,30,Nitrogen,2.895,1.555,0.55,1.899,0.674,0.238,190.656,net_nitr_rate_abs
Treatment,0N,59,Carbon,1.575,0.992,0.351,-0.43,-0.178,-0.063,-21.458,net_nitr_rate_abs
Treatment,0N,59,Control,2.005,1.17,0.414,0,0,0,0,net_nitr_rate_abs
Treatment,0N,59,Nitrogen,2.996,1.3,0.46,0.991,0.13,0.046,49.413,net_nitr_rate_abs
Treatment,0N,86,Carbon,2.634,1.389,0.491,-0.678,-0.438,-0.155,-20.48,net_nitr_rate_abs
Treatment,0N,86,Control,3.312,1.827,0.646,0,0,0,0,net_nitr_rate_abs
Treatment,0N,86,Nitrogen,4.426,2.406,0.851,1.114,0.579,0.205,33.64,net_nitr_rate_abs
Treatment,0N,113,Carbon,5.352,3.079,1.088,-0.785,-0.3,-0.106,-12.79,net_nitr_rate_abs
Treatment,0N,113,Control,6.137,3.378,1.194,0,0,0,0,net_nitr_rate_abs
Treatment,0N,113,Nitrogen,5.877,4.164,1.472,-0.26,0.786,0.278,-4.23,net_nitr_rate_abs
Treatment,0N,144,Carbon,4.817,2.118,0.749,-0.655,-0.459,-0.162,-11.961,net_nitr_rate_abs
Treatment,0N,144,Control,5.472,2.578,0.911,0,0,0,0,net_nitr_rate_abs
Treatment,0N,144,Nitrogen,7.478,5.094,1.801,2.006,2.517,0.89,36.667,net_nitr_rate_abs
Treatment,112N,0,Carbon,0,0,0,0,0,0,NA,net_nitr_rate_abs
Treatment,112N,0,Control,0,0,0,0,0,0,NA,net_nitr_rate_abs
Treatment,112N,0,Nitrogen,0,0,0,0,0,0,NA,net_nitr_rate_abs
Treatment,112N,4,Carbon,-4.768,5.806,2.053,-4.071,1.622,0.573,583.797,net_nitr_rate_abs
Treatment,112N,4,Control,-0.697,4.184,1.479,0,0,0,0,net_nitr_rate_abs
Treatment,112N,4,Nitrogen,3.357,2.993,1.058,4.054,-1.192,-0.421,-581.412,net_nitr_rate_abs
Treatment,112N,15,Carbon,-1.624,1.955,0.691,-1.564,1.522,0.538,2618.757,net_nitr_rate_abs
Treatment,112N,15,Control,-0.06,0.433,0.153,0,0,0,0,net_nitr_rate_abs
Treatment,112N,15,Nitrogen,0.488,1.96,0.693,0.547,1.527,0.54,-916.543,net_nitr_rate_abs
Treatment,112N,30,Carbon,-0.05,0.912,0.322,-1.558,0.215,0.076,-103.346,net_nitr_rate_abs
Treatment,112N,30,Control,1.508,0.696,0.246,0,0,0,0,net_nitr_rate_abs
Treatment,112N,30,Nitrogen,3.376,1.006,0.356,1.868,0.31,0.11,123.891,net_nitr_rate_abs
Treatment,112N,59,Carbon,0.977,1.092,0.386,-0.788,-0.458,-0.162,-44.656,net_nitr_rate_abs
Treatment,112N,59,Control,1.765,1.55,0.548,0,0,0,0,net_nitr_rate_abs
Treatment,112N,59,Nitrogen,3.226,1.497,0.529,1.461,-0.053,-0.019,82.81,net_nitr_rate_abs
Treatment,112N,86,Carbon,2.246,2.131,0.753,-1.611,0.062,0.022,-41.774,net_nitr_rate_abs
Treatment,112N,86,Control,3.857,2.069,0.731,0,0,0,0,net_nitr_rate_abs
Treatment,112N,86,Nitrogen,4.619,2.068,0.731,0.762,-0.001,0,19.75,net_nitr_rate_abs
Treatment,112N,113,Carbon,4.975,3.899,1.378,-0.969,0.302,0.107,-16.307,net_nitr_rate_abs
Treatment,112N,113,Control,5.944,3.596,1.272,0,0,0,0,net_nitr_rate_abs
Treatment,112N,113,Nitrogen,6.899,2.908,1.028,0.955,-0.689,-0.243,16.065,net_nitr_rate_abs
Treatment,112N,144,Carbon,4.325,3.426,1.211,-0.546,-0.096,-0.034,-11.216,net_nitr_rate_abs
Treatment,112N,144,Control,4.872,3.522,1.245,0,0,0,0,net_nitr_rate_abs
Treatment,112N,144,Nitrogen,5.411,3.385,1.197,0.54,-0.137,-0.049,11.079,net_nitr_rate_abs
Treatment,336N,0,Carbon,0,0,0,0,0,0,NA,net_nitr_rate_abs
Treatment,336N,0,Control,0,0,0,0,0,0,NA,net_nitr_rate_abs
Treatment,336N,0,Nitrogen,0,0,0,0,0,0,NA,net_nitr_rate_abs
Treatment,336N,4,Carbon,-3.487,4.653,1.645,-5.116,0.557,0.197,-313.998,net_nitr_rate_abs
Treatment,336N,4,Control,1.629,4.096,1.448,0,0,0,0,net_nitr_rate_abs
Treatment,336N,4,Nitrogen,2.268,7.278,2.573,0.638,3.182,1.125,39.168,net_nitr_rate_abs
Treatment,336N,15,Carbon,-1.671,0.983,0.347,-2.089,-2.568,-0.908,-500.576,net_nitr_rate_abs
Treatment,336N,15,Control,0.417,3.55,1.255,0,0,0,0,net_nitr_rate_abs
Treatment,336N,15,Nitrogen,-0.549,2.401,0.849,-0.966,-1.149,-0.406,-231.569,net_nitr_rate_abs
Treatment,336N,30,Carbon,0.64,2.038,0.721,-1.75,0.405,0.143,-73.23,net_nitr_rate_abs
Treatment,336N,30,Control,2.39,1.633,0.577,0,0,0,0,net_nitr_rate_abs
Treatment,336N,30,Nitrogen,3.161,0.911,0.322,0.771,-0.722,-0.255,32.264,net_nitr_rate_abs
Treatment,336N,59,Carbon,1.682,0.943,0.333,-0.134,-0.199,-0.07,-7.384,net_nitr_rate_abs
Treatment,336N,59,Control,1.816,1.142,0.404,0,0,0,0,net_nitr_rate_abs
Treatment,336N,59,Nitrogen,2.225,1.067,0.377,0.409,-0.075,-0.027,22.554,net_nitr_rate_abs
Treatment,336N,86,Carbon,3.51,1.82,0.644,-0.15,-0.531,-0.188,-4.105,net_nitr_rate_abs
Treatment,336N,86,Control,3.661,2.351,0.831,0,0,0,0,net_nitr_rate_abs
Treatment,336N,86,Nitrogen,3.65,1.512,0.535,-0.011,-0.839,-0.297,-0.287,net_nitr_rate_abs
Treatment,336N,113,Carbon,6.102,2.769,0.979,-0.293,-0.729,-0.258,-4.579,net_nitr_rate_abs
Treatment,336N,113,Control,6.395,3.497,1.236,0,0,0,0,net_nitr_rate_abs
Treatment,336N,113,Nitrogen,6.452,2.255,0.797,0.058,-1.243,-0.439,0.903,net_nitr_rate_abs
Treatment,336N,144,Carbon,4.197,3.338,1.18,-0.609,0.462,0.163,-12.673,net_nitr_rate_abs
Treatment,336N,144,Control,4.806,2.877,1.017,0,0,0,0,net_nitr_rate_abs
Treatment,336N,144,Nitrogen,5.018,2.356,0.833,0.212,-0.521,-0.184,4.413,net_nitr_rate_abs
Crop,Corn,0,Carbon,0,0,0,0,0,0,NA,net_min_rate_rel
Crop,Corn,0,Control,0,0,0,0,0,0,NA,net_min_rate_rel
Crop,Corn,0,Nitrogen,0,0,0,0,0,0,NA,net_min_rate_rel
Crop,Corn,4,Carbon,-1.368,2.854,0.824,-3.006,-1.416,-0.409,-183.474,net_min_rate_rel
Crop,Corn,4,Control,1.638,4.27,1.233,0,0,0,0,net_min_rate_rel
Crop,Corn,4,Nitrogen,3.917,4.691,1.354,2.279,0.42,0.121,139.081,net_min_rate_rel
Crop,Corn,15,Carbon,-0.673,1.175,0.339,-0.129,-0.753,-0.217,23.642,net_min_rate_rel
Crop,Corn,15,Control,-0.544,1.928,0.556,0,0,0,0,net_min_rate_rel
Crop,Corn,15,Nitrogen,-1.372,2.246,0.648,-0.828,0.319,0.092,152.129,net_min_rate_rel
Crop,Corn,30,Carbon,1.369,1.598,0.461,0.101,0.686,0.198,7.977,net_min_rate_rel
Crop,Corn,30,Control,1.268,0.913,0.263,0,0,0,0,net_min_rate_rel
Crop,Corn,30,Nitrogen,2.5,1.045,0.302,1.232,0.132,0.038,97.137,net_min_rate_rel
Crop,Corn,59,Carbon,1.033,0.606,0.175,0.173,-0.399,-0.115,20.121,net_min_rate_rel
Crop,Corn,59,Control,0.86,1.005,0.29,0,0,0,0,net_min_rate_rel
Crop,Corn,59,Nitrogen,1.323,0.908,0.262,0.463,-0.097,-0.028,53.797,net_min_rate_rel
Crop,Corn,86,Carbon,1.463,0.982,0.283,-0.828,-0.431,-0.124,-36.137,net_min_rate_rel
Crop,Corn,86,Control,2.291,1.413,0.408,0,0,0,0,net_min_rate_rel
Crop,Corn,86,Nitrogen,1.881,1.243,0.359,-0.41,-0.17,-0.049,-17.894,net_min_rate_rel
Crop,Corn,113,Carbon,3.895,1.738,0.502,0.397,0.273,0.079,11.357,net_min_rate_rel
Crop,Corn,113,Control,3.498,1.464,0.423,0,0,0,0,net_min_rate_rel
Crop,Corn,113,Nitrogen,2.537,2.847,0.822,-0.961,1.382,0.399,-27.475,net_min_rate_rel
Crop,Corn,144,Carbon,-0.932,0.779,0.225,-0.068,-0.054,-0.016,7.844,net_min_rate_rel
Crop,Corn,144,Control,-0.865,0.833,0.241,0,0,0,0,net_min_rate_rel
Crop,Corn,144,Nitrogen,-0.334,2.755,0.795,0.531,1.922,0.555,-61.412,net_min_rate_rel
Crop,Miscanthus,0,Carbon,0,0,0,0,0,0,NA,net_min_rate_rel
Crop,Miscanthus,0,Control,0,0,0,0,0,0,NA,net_min_rate_rel
Crop,Miscanthus,0,Nitrogen,0,0,0,0,0,0,NA,net_min_rate_rel
Crop,Miscanthus,4,Carbon,-5.578,5.208,1.504,-4.116,1.325,0.383,281.554,net_min_rate_rel
Crop,Miscanthus,4,Control,-1.462,3.883,1.121,0,0,0,0,net_min_rate_rel
Crop,Miscanthus,4,Nitrogen,0.576,4.897,1.414,2.038,1.014,0.293,-139.383,net_min_rate_rel
Crop,Miscanthus,15,Carbon,-0.313,0.723,0.209,0.248,-0.853,-0.246,-44.202,net_min_rate_rel
Crop,Miscanthus,15,Control,-0.561,1.577,0.455,0,0,0,0,net_min_rate_rel
Crop,Miscanthus,15,Nitrogen,-1.018,1.864,0.538,-0.456,0.287,0.083,81.283,net_min_rate_rel
Crop,Miscanthus,30,Carbon,1.202,1.145,0.331,-0.682,-0.229,-0.066,-36.195,net_min_rate_rel
Crop,Miscanthus,30,Control,1.884,1.374,0.397,0,0,0,0,net_min_rate_rel
Crop,Miscanthus,30,Nitrogen,3.226,2.117,0.611,1.342,0.743,0.214,71.246,net_min_rate_rel
Crop,Miscanthus,59,Carbon,1.371,0.856,0.247,0.209,-0.316,-0.091,18.027,net_min_rate_rel
Crop,Miscanthus,59,Control,1.162,1.172,0.338,0,0,0,0,net_min_rate_rel
Crop,Miscanthus,59,Nitrogen,1.064,1.364,0.394,-0.098,0.191,0.055,-8.401,net_min_rate_rel
Crop,Miscanthus,86,Carbon,1.204,1.254,0.362,0.188,-0.188,-0.054,18.539,net_min_rate_rel
Crop,Miscanthus,86,Control,1.016,1.443,0.416,0,0,0,0,net_min_rate_rel
Crop,Miscanthus,86,Nitrogen,0.575,1.505,0.434,-0.441,0.062,0.018,-43.379,net_min_rate_rel
Crop,Miscanthus,113,Carbon,1.489,1.35,0.39,-0.185,-0.148,-0.043,-11.049,net_min_rate_rel
Crop,Miscanthus,113,Control,1.674,1.499,0.433,0,0,0,0,net_min_rate_rel
Crop,Miscanthus,113,Nitrogen,1.893,1.481,0.427,0.219,-0.018,-0.005,13.078,net_min_rate_rel
Crop,Miscanthus,144,Carbon,0.351,1.811,0.523,-0.001,0.244,0.07,-0.329,net_min_rate_rel
Crop,Miscanthus,144,Control,0.352,1.567,0.452,0,0,0,0,net_min_rate_rel
Crop,Miscanthus,144,Nitrogen,1.198,3.855,1.113,0.846,2.288,0.66,240.433,net_min_rate_rel
Crop,Corn,0,Carbon,0,0,0,0,0,0,NA,net_min_rate_abs
Crop,Corn,0,Control,0,0,0,0,0,0,NA,net_min_rate_abs
Crop,Corn,0,Nitrogen,0,0,0,0,0,0,NA,net_min_rate_abs
Crop,Corn,4,Carbon,-1.368,2.854,0.824,-3.006,-1.416,-0.409,-183.474,net_min_rate_abs
Crop,Corn,4,Control,1.638,4.27,1.233,0,0,0,0,net_min_rate_abs
Crop,Corn,4,Nitrogen,3.917,4.691,1.354,2.279,0.42,0.121,139.081,net_min_rate_abs
Crop,Corn,15,Carbon,-1.17,1.133,0.327,-1.222,-1.143,-0.33,-2367.902,net_min_rate_abs
Crop,Corn,15,Control,0.052,2.276,0.657,0,0,0,0,net_min_rate_abs
Crop,Corn,15,Nitrogen,0.052,1.212,0.35,0.001,-1.064,-0.307,1.469,net_min_rate_abs
Crop,Corn,30,Carbon,0.511,1.065,0.307,-0.795,-0.072,-0.021,-60.847,net_min_rate_abs
Crop,Corn,30,Control,1.306,1.137,0.328,0,0,0,0,net_min_rate_abs
Crop,Corn,30,Nitrogen,2.539,0.596,0.172,1.233,-0.54,-0.156,94.366,net_min_rate_abs
Crop,Corn,59,Carbon,1.298,0.698,0.202,-0.238,-0.291,-0.084,-15.5,net_min_rate_abs
Crop,Corn,59,Control,1.536,0.989,0.285,0,0,0,0,net_min_rate_abs
Crop,Corn,59,Nitrogen,2.636,0.908,0.262,1.1,-0.081,-0.023,71.645,net_min_rate_abs
Crop,Corn,86,Carbon,2.857,1.025,0.296,-1.084,-0.418,-0.121,-27.499,net_min_rate_abs
Crop,Corn,86,Control,3.94,1.444,0.417,0,0,0,0,net_min_rate_abs
Crop,Corn,86,Nitrogen,4.712,1.683,0.486,0.772,0.24,0.069,19.586,net_min_rate_abs
Crop,Corn,113,Carbon,6.752,2.462,0.711,-0.686,-0.08,-0.023,-9.228,net_min_rate_abs
Crop,Corn,113,Control,7.438,2.542,0.734,0,0,0,0,net_min_rate_abs
Crop,Corn,113,Nitrogen,7.249,3.299,0.952,-0.189,0.757,0.218,-2.544,net_min_rate_abs
Crop,Corn,144,Carbon,4.948,1.976,0.57,-0.666,-0.361,-0.104,-11.857,net_min_rate_abs
Crop,Corn,144,Control,5.614,2.337,0.675,0,0,0,0,net_min_rate_abs
Crop,Corn,144,Nitrogen,5.98,2.08,0.6,0.366,-0.257,-0.074,6.522,net_min_rate_abs
Crop,Miscanthus,0,Carbon,0,0,0,0,0,0,NA,net_min_rate_abs
Crop,Miscanthus,0,Control,0,0,0,0,0,0,NA,net_min_rate_abs
Crop,Miscanthus,0,Nitrogen,0,0,0,0,0,0,NA,net_min_rate_abs
Crop,Miscanthus,4,Carbon,-5.578,5.208,1.504,-4.116,1.325,0.383,281.554,net_min_rate_abs
Crop,Miscanthus,4,Control,-1.462,3.883,1.121,0,0,0,0,net_min_rate_abs
Crop,Miscanthus,4,Nitrogen,0.576,4.897,1.414,2.038,1.014,0.293,-139.383,net_min_rate_abs
Crop,Miscanthus,15,Carbon,-2.342,1.714,0.495,-1.249,0.678,0.196,114.252,net_min_rate_abs
Crop,Miscanthus,15,Control,-1.093,1.036,0.299,0,0,0,0,net_min_rate_abs
Crop,Miscanthus,15,Nitrogen,-0.808,2.705,0.781,0.285,1.669,0.482,-26.053,net_min_rate_abs
Crop,Miscanthus,30,Carbon,-0.515,1.186,0.342,-1.598,0.206,0.059,-147.591,net_min_rate_abs
Crop,Miscanthus,30,Control,1.082,0.981,0.283,0,0,0,0,net_min_rate_abs
Crop,Miscanthus,30,Nitrogen,2.633,1.508,0.435,1.551,0.527,0.152,143.289,net_min_rate_abs
Crop,Miscanthus,59,Carbon,1.105,1.106,0.319,-0.617,-0.306,-0.088,-35.828,net_min_rate_abs
Crop,Miscanthus,59,Control,1.722,1.412,0.408,0,0,0,0,net_min_rate_abs
Crop,Miscanthus,59,Nitrogen,2.426,1.718,0.496,0.705,0.306,0.088,40.925,net_min_rate_abs
Crop,Miscanthus,86,Carbon,2.391,2.191,0.632,-0.474,-0.132,-0.038,-16.549,net_min_rate_abs
Crop,Miscanthus,86,Control,2.865,2.323,0.67,0,0,0,0,net_min_rate_abs
Crop,Miscanthus,86,Nitrogen,3.181,2.171,0.627,0.316,-0.152,-0.044,11.03,net_min_rate_abs
Crop,Miscanthus,113,Carbon,3.88,3.037,0.877,-0.659,-0.307,-0.089,-14.521,net_min_rate_abs
Crop,Miscanthus,113,Control,4.539,3.344,0.965,0,0,0,0,net_min_rate_abs
Crop,Miscanthus,113,Nitrogen,5.074,2.673,0.772,0.535,-0.67,-0.194,11.785,net_min_rate_abs
Crop,Miscanthus,144,Carbon,3.73,3.487,1.007,-0.575,0.197,0.057,-13.361,net_min_rate_abs
Crop,Miscanthus,144,Control,4.305,3.29,0.95,0,0,0,0,net_min_rate_abs
Crop,Miscanthus,144,Nitrogen,5.617,5.066,1.462,1.312,1.775,0.513,30.47,net_min_rate_abs
Crop,Corn,0,Carbon,0,0,0,0,0,0,NA,net_nitr_rate_rel
Crop,Corn,0,Control,0,0,0,0,0,0,NA,net_nitr_rate_rel
Crop,Corn,0,Nitrogen,0,0,0,0,0,0,NA,net_nitr_rate_rel
Crop,Corn,4,Carbon,-1.197,3.162,0.913,-2.023,-0.025,-0.007,-244.998,net_nitr_rate_rel
Crop,Corn,4,Control,0.826,3.188,0.92,0,0,0,0,net_nitr_rate_rel
Crop,Corn,4,Nitrogen,4.182,4.196,1.211,3.357,1.009,0.291,406.597,net_nitr_rate_rel
Crop,Corn,15,Carbon,-0.28,1.061,0.306,-0.557,-0.485,-0.14,-201.153,net_nitr_rate_rel
Crop,Corn,15,Control,0.277,1.546,0.446,0,0,0,0,net_nitr_rate_rel
Crop,Corn,15,Nitrogen,-0.896,1.989,0.574,-1.173,0.443,0.128,-423.631,net_nitr_rate_rel
Crop,Corn,30,Carbon,1.369,1.638,0.473,0.181,0.804,0.232,15.235,net_nitr_rate_rel
Crop,Corn,30,Control,1.188,0.835,0.241,0,0,0,0,net_nitr_rate_rel
Crop,Corn,30,Nitrogen,2.512,1.086,0.313,1.324,0.251,0.073,111.455,net_nitr_rate_rel
Crop,Corn,59,Carbon,1.057,0.619,0.179,0.115,-0.381,-0.11,12.233,net_nitr_rate_rel
Crop,Corn,59,Control,0.942,1,0.289,0,0,0,0,net_nitr_rate_rel
Crop,Corn,59,Nitrogen,1.369,0.849,0.245,0.427,-0.15,-0.043,45.318,net_nitr_rate_rel
Crop,Corn,86,Carbon,1.383,0.942,0.272,-0.831,-0.442,-0.128,-37.539,net_nitr_rate_rel
Crop,Corn,86,Control,2.214,1.385,0.4,0,0,0,0,net_nitr_rate_rel
Crop,Corn,86,Nitrogen,1.826,1.244,0.359,-0.388,-0.141,-0.041,-17.53,net_nitr_rate_rel
Crop,Corn,113,Carbon,3.874,1.744,0.503,0.428,0.154,0.044,12.435,net_nitr_rate_rel
Crop,Corn,113,Control,3.446,1.59,0.459,0,0,0,0,net_nitr_rate_rel
Crop,Corn,113,Nitrogen,2.485,2.912,0.841,-0.961,1.321,0.381,-27.89,net_nitr_rate_rel
Crop,Corn,144,Carbon,-0.965,0.817,0.236,-0.018,-0.035,-0.01,1.857,net_nitr_rate_rel
Crop,Corn,144,Control,-0.947,0.851,0.246,0,0,0,0,net_nitr_rate_rel
Crop,Corn,144,Nitrogen,-0.393,2.803,0.809,0.554,1.951,0.563,-58.468,net_nitr_rate_rel
Crop,Miscanthus,0,Carbon,0,0,0,0,0,0,NA,net_nitr_rate_rel
Crop,Miscanthus,0,Control,0,0,0,0,0,0,NA,net_nitr_rate_rel
Crop,Miscanthus,0,Nitrogen,0,0,0,0,0,0,NA,net_nitr_rate_rel
Crop,Miscanthus,4,Carbon,-4.688,5.042,1.456,-4.335,1.416,0.409,1227.289,net_nitr_rate_rel
Crop,Miscanthus,4,Control,-0.353,3.627,1.047,0,0,0,0,net_nitr_rate_rel
Crop,Miscanthus,4,Nitrogen,1.947,4.936,1.425,2.3,1.31,0.378,-651.141,net_nitr_rate_rel
Crop,Miscanthus,15,Carbon,0.098,0.638,0.184,0.328,-0.89,-0.257,-142.383,net_nitr_rate_rel
Crop,Miscanthus,15,Control,-0.231,1.528,0.441,0,0,0,0,net_nitr_rate_rel
Crop,Miscanthus,15,Nitrogen,-0.617,1.841,0.532,-0.386,0.313,0.09,167.435,net_nitr_rate_rel
Crop,Miscanthus,30,Carbon,1.188,1.199,0.346,-0.727,-0.25,-0.072,-37.962,net_nitr_rate_rel
Crop,Miscanthus,30,Control,1.915,1.449,0.418,0,0,0,0,net_nitr_rate_rel
Crop,Miscanthus,30,Nitrogen,3.251,2.104,0.607,1.336,0.655,0.189,69.765,net_nitr_rate_rel
Crop,Miscanthus,59,Carbon,1.323,0.901,0.26,0.229,-0.284,-0.082,20.944,net_nitr_rate_rel
Crop,Miscanthus,59,Control,1.094,1.186,0.342,0,0,0,0,net_nitr_rate_rel
Crop,Miscanthus,59,Nitrogen,1.01,1.349,0.389,-0.084,0.163,0.047,-7.678,net_nitr_rate_rel
Crop,Miscanthus,86,Carbon,1.179,1.26,0.364,0.173,-0.208,-0.06,17.189,net_nitr_rate_rel
Crop,Miscanthus,86,Control,1.006,1.468,0.424,0,0,0,0,net_nitr_rate_rel
Crop,Miscanthus,86,Nitrogen,0.589,1.503,0.434,-0.417,0.035,0.01,-41.465,net_nitr_rate_rel
Crop,Miscanthus,113,Carbon,1.485,1.362,0.393,-0.167,-0.14,-0.04,-10.088,net_nitr_rate_rel
Crop,Miscanthus,113,Control,1.651,1.502,0.433,0,0,0,0,net_nitr_rate_rel
Crop,Miscanthus,113,Nitrogen,1.871,1.5,0.433,0.219,-0.001,0,13.29,net_nitr_rate_rel
Crop,Miscanthus,144,Carbon,0.319,1.851,0.534,-0.001,0.227,0.065,-0.157,net_nitr_rate_rel
Crop,Miscanthus,144,Control,0.319,1.624,0.469,0,0,0,0,net_nitr_rate_rel
Crop,Miscanthus,144,Nitrogen,1.167,3.87,1.117,0.848,2.246,0.648,265.485,net_nitr_rate_rel
Crop,Corn,0,Carbon,0,0,0,0,0,0,NA,net_nitr_rate_abs
Crop,Corn,0,Control,0,0,0,0,0,0,NA,net_nitr_rate_abs
Crop,Corn,0,Nitrogen,0,0,0,0,0,0,NA,net_nitr_rate_abs
Crop,Corn,4,Carbon,-1.197,3.162,0.913,-2.023,-0.025,-0.007,-244.998,net_nitr_rate_abs
Crop,Corn,4,Control,0.826,3.188,0.92,0,0,0,0,net_nitr_rate_abs
Crop,Corn,4,Nitrogen,4.182,4.196,1.211,3.357,1.009,0.291,406.597,net_nitr_rate_abs
Crop,Corn,15,Carbon,-0.715,1.005,0.29,-1.292,-1.594,-0.46,-223.965,net_nitr_rate_abs
Crop,Corn,15,Control,0.577,2.599,0.75,0,0,0,0,net_nitr_rate_abs
Crop,Corn,15,Nitrogen,0.625,1.072,0.31,0.048,-1.527,-0.441,8.33,net_nitr_rate_abs
Crop,Corn,30,Carbon,0.844,1.324,0.382,-0.767,-0.135,-0.039,-47.59,net_nitr_rate_abs
Crop,Corn,30,Control,1.611,1.459,0.421,0,0,0,0,net_nitr_rate_abs
Crop,Corn,30,Nitrogen,2.97,0.698,0.202,1.359,-0.761,-0.22,84.37,net_nitr_rate_abs
Crop,Corn,59,Carbon,1.494,0.829,0.239,-0.281,-0.213,-0.062,-15.845,net_nitr_rate_abs
Crop,Corn,59,Control,1.775,1.042,0.301,0,0,0,0,net_nitr_rate_abs
Crop,Corn,59,Nitrogen,2.905,0.799,0.231,1.13,-0.244,-0.07,63.647,net_nitr_rate_abs
Crop,Corn,86,Carbon,2.988,1.183,0.342,-1.133,-0.278,-0.08,-27.501,net_nitr_rate_abs
Crop,Corn,86,Control,4.121,1.461,0.422,0,0,0,0,net_nitr_rate_abs
Crop,Corn,86,Nitrogen,4.947,1.569,0.453,0.826,0.108,0.031,20.032,net_nitr_rate_abs
Crop,Corn,113,Carbon,6.862,2.553,0.737,-0.705,-0.142,-0.041,-9.315,net_nitr_rate_abs
Crop,Corn,113,Control,7.567,2.694,0.778,0,0,0,0,net_nitr_rate_abs
Crop,Corn,113,Nitrogen,7.431,3.252,0.939,-0.136,0.557,0.161,-1.791,net_nitr_rate_abs
Crop,Corn,144,Carbon,5.012,1.947,0.562,-0.631,-0.362,-0.104,-11.19,net_nitr_rate_abs
Crop,Corn,144,Control,5.643,2.309,0.667,0,0,0,0,net_nitr_rate_abs
Crop,Corn,144,Nitrogen,6.079,1.967,0.568,0.436,-0.342,-0.099,7.724,net_nitr_rate_abs
Crop,Miscanthus,0,Carbon,0,0,0,0,0,0,NA,net_nitr_rate_abs
Crop,Miscanthus,0,Control,0,0,0,0,0,0,NA,net_nitr_rate_abs
Crop,Miscanthus,0,Nitrogen,0,0,0,0,0,0,NA,net_nitr_rate_abs
Crop,Miscanthus,4,Carbon,-4.688,5.042,1.456,-4.335,1.416,0.409,1227.289,net_nitr_rate_abs
Crop,Miscanthus,4,Control,-0.353,3.627,1.047,0,0,0,0,net_nitr_rate_abs
Crop,Miscanthus,4,Nitrogen,1.947,4.936,1.425,2.3,1.31,0.378,-651.141,net_nitr_rate_abs
Crop,Miscanthus,15,Carbon,-1.607,1.629,0.47,-1.248,0.615,0.178,347.569,net_nitr_rate_abs
Crop,Miscanthus,15,Control,-0.359,1.014,0.293,0,0,0,0,net_nitr_rate_abs
Crop,Miscanthus,15,Nitrogen,0.091,2.708,0.782,0.45,1.693,0.489,-125.381,net_nitr_rate_abs
Crop,Miscanthus,30,Carbon,0.009,1.244,0.359,-1.642,0.198,0.057,-99.433,net_nitr_rate_abs
Crop,Miscanthus,30,Control,1.651,1.046,0.302,0,0,0,0,net_nitr_rate_abs
Crop,Miscanthus,30,Nitrogen,3.317,1.497,0.432,1.666,0.452,0.13,100.88,net_nitr_rate_abs
Crop,Miscanthus,59,Carbon,1.328,1.207,0.349,-0.62,-0.259,-0.075,-31.839,net_nitr_rate_abs
Crop,Miscanthus,59,Control,1.948,1.466,0.423,0,0,0,0,net_nitr_rate_abs
Crop,Miscanthus,59,Nitrogen,2.726,1.724,0.498,0.778,0.257,0.074,39.923,net_nitr_rate_abs
Crop,Miscanthus,86,Carbon,2.606,2.315,0.668,-0.493,-0.088,-0.025,-15.917,net_nitr_rate_abs
Crop,Miscanthus,86,Control,3.099,2.403,0.694,0,0,0,0,net_nitr_rate_abs
Crop,Miscanthus,86,Nitrogen,3.517,2.16,0.624,0.418,-0.242,-0.07,13.491,net_nitr_rate_abs
Crop,Miscanthus,113,Carbon,4.09,3.218,0.929,-0.66,-0.212,-0.061,-13.89,net_nitr_rate_abs
Crop,Miscanthus,113,Control,4.75,3.43,0.99,0,0,0,0,net_nitr_rate_abs
Crop,Miscanthus,113,Nitrogen,5.388,2.68,0.774,0.638,-0.75,-0.217,13.421,net_nitr_rate_abs
Crop,Miscanthus,144,Carbon,3.881,3.617,1.044,-0.575,0.228,0.066,-12.907,net_nitr_rate_abs
Crop,Miscanthus,144,Control,4.457,3.389,0.978,0,0,0,0,net_nitr_rate_abs
Crop,Miscanthus,144,Nitrogen,5.86,5.097,1.471,1.403,1.708,0.493,31.479,net_nitr_rate_abs
